X,Y,FID,OBJECTID,RANK,NAME,ADDRESS,ADDRESS2,CITY,STATES,ZIP,COUNTY,EMPLOYEES,REVENUES,LATITUDE,LONGITUDE,PRC,COUNTYFIPS,PROFIT
-116.18099,43.59974,1,1,49,ALBERTSONS COS.,250 PARKCENTER BOULEVARD,NOT AVAILABLE,BOISE,ID,83706,ADA,274000,58734,43.59974,-116.18099,ADDRESS,16001,-502.2
-116.14697,43.52925,2,2,226,MICRON TECHNOLOGY,8000 SOUTH FEDERAL WAY,NOT AVAILABLE,BOISE,ID,83716,ADA,31400,12399,43.52925,-116.14697,ADDRESS,16001,-276
-79.43739,36.09317,3,3,290,LABORATORY CORP. OF AMERICA,358 SOUTH MAIN STREET,NOT AVAILABLE,BURLINGTON,NC,27215,ALAMANCE,52000,9642,36.09317,-79.43739,ADDRESS,37001,732.1
-121.95694,37.4886,4,4,440,LAM RESEARCH,4650 CUSHING PARKWAY,NOT AVAILABLE,FREMONT,CA,94538,ALAMEDA,7500,5886,37.4886,-121.95694,ADDRESS,6001,914
-121.97965,37.49628,5,5,198,SYNNEX,44201 NOBEL DRIVE,NOT AVAILABLE,FREMONT,CA,94538,ALAMEDA,110000,14062,37.49628,-121.97965,ADDRESS,6001,234.9
-121.89039,37.71041,6,6,219,ROSS STORES,5130 HACIENDA DRIVE,NOT AVAILABLE,DUBLIN,CA,94568,ALAMEDA,78600,12867,37.71041,-121.89039,ADDRESS,6001,1117.7
-122.27237,37.80348,7,7,453,CLOROX,1221 BROADWAY,NOT AVAILABLE,OAKLAND,CA,94612,ALAMEDA,8000,5761,37.80348,-122.27237,ADDRESS,6001,648
-80.2658,40.50779,8,8,340,DICK'S SPORTING GOODS,345 COURT STREET,NOT AVAILABLE,CORAOPOLIS,PA,15108,ALLEGHENY,27550,7922,40.50779,-80.2658,ADDRESS,42003,287.4
-79.99485,40.44136,9,9,279,UNITED STATES STEEL,600 GRANT STREET,NOT AVAILABLE,PITTSBURGH,PA,15219,ALLEGHENY,29800,10261,40.44136,-79.99485,ADDRESS,42003,-440
-80.00437,40.43329,10,10,373,WESCO INTERNATIONAL,225 WEST STATION SQUARE DRIVE,NOT AVAILABLE,PITTSBURGH,PA,15219,ALLEGHENY,9000,7336,40.43329,-80.00437,ADDRESS,42003,101.6
-80.00051,40.44129,11,11,166,PNC FINANCIAL SERVICES GROUP,249 5TH AVENUE,NOT AVAILABLE,PITTSBURGH,PA,15222,ALLEGHENY,50683,16423,40.44129,-80.00051,ADDRESS,42003,3903
-80.00357,40.43992,12,12,183,PPG INDUSTRIES,1 PPG PLACE,NOT AVAILABLE,PITTSBURGH,PA,15272,ALLEGHENY,47000,15178,40.43992,-80.00357,ADDRESS,42003,877
-85.23743,41.0411,13,13,347,STEEL DYNAMICS,7575 WEST JEFFERSON BOULEVARD,NOT AVAILABLE,FORT WAYNE,IN,46804,ALLEN,7695,7777,41.0411,-85.23743,ADDRESS,18003,382.1
-104.89224,39.60092,14,14,328,NEWMONT MINING,6363 SOUTH FIDDLER'S GREEN CIRCLE,14TH FLOOR,GREENWOOD VILLAGE,CO,80111,ARAPAHOE,12438,8379,39.60092,-104.89224,ADDRESS,8005,-627
-104.88214,39.581553,15,15,118,ARROW ELECTRONICS,9201 EAST DRY CREEK ROAD,NOT AVAILABLE,CENTENNIAL,CO,80112,ARAPAHOE,18700,23825,39.581553,-104.88214,ON-ENTITY,8005,522.8
-104.86745,39.5482,16,16,494,CH2M HILL,9191 SOUTH JAMAICA STREET,NOT AVAILABLE,ENGLEWOOD,CO,80112,ARAPAHOE,20000,5236,39.5482,-104.86745,ADDRESS,8005,15
-104.85536,39.54506,17,17,186,DISH NETWORK,9601 SOUTH MERIDIAN BOULEVARD,NOT AVAILABLE,ENGLEWOOD,CO,80112,ARAPAHOE,16000,15095,39.54506,-104.85536,ADDRESS,8005,1449.9
-104.84571,39.55318,18,18,269,LIBERTY INTERACTIVE,12300 LIBERTY BOULEVARD,NOT AVAILABLE,ENGLEWOOD,CO,80112,ARAPAHOE,21080,10647,39.55318,-104.84571,ADDRESS,8005,1235
-104.84571,39.55318,19,19,491,LIBERTY MEDIA,12300 LIBERTY BOULEVARD,NOT AVAILABLE,ENGLEWOOD,CO,80112,ARAPAHOE,3626,5276,39.55318,-104.84571,ADDRESS,8005,680
-104.84492,39.54685,20,20,478,WESTERN UNION,12500 EAST BELFORD AVENUE,NOT AVAILABLE,ENGLEWOOD,CO,80112,ARAPAHOE,10700,5423,39.54685,-104.84492,ADDRESS,8005,253.2
-77.11261,38.87985,21,21,194,AES,4300 WILSON BOULEVARD,NOT AVAILABLE,ARLINGTON,VA,22203,ARLINGTON,19000,14287,38.87985,-77.11261,ADDRESS,51013,-1130
-77.07012,38.89465,22,22,415,CALATLANTIC GROUP,1100 WILSON BOULEVARD,SUITE 2100,ARLINGTON,VA,22209,ARLINGTON,3055,6477,38.89465,-77.07012,ADDRESS,51013,484.7
-85.92326,39.20402,23,23,159,CUMMINS,500 JACKSON STREET,NOT AVAILABLE,COLUMBUS,IN,47201,BARTHOLOMEW,55400,17509,39.20402,-85.92326,ADDRESS,18005,1394
-94.21763,36.36477,24,24,1,WALMART,702 SW 8TH STREET,NOT AVAILABLE,BENTONVILLE,AR,72716,BENTON,2300000,485873,36.36477,-94.21763,ADDRESS,5007,13643
-94.14745,36.2453,25,25,407,J.B. HUNT TRANSPORT SERVICES,615 J.B. HUNT CORPORATE DRIVE,NOT AVAILABLE,LOWELL,AR,72745,BENTON,22190,6556,36.2453,-94.14745,ADDRESS,5007,432.1
-74.1272,40.89756,26,26,397,SEALED AIR,200 RIVERFRONT BOULEVARD,NOT AVAILABLE,ELMWOOD PARK,NJ,7407,BERGEN,23000,6778,40.89756,-74.1272,ADDRESS,34003,486.4
-74.20762,41.01613,27,27,225,BECTON DICKINSON,1 BECTON DRIVE,NOT AVAILABLE,FRANKLIN LAKES,NJ,7417,BERGEN,50928,12483,41.01613,-74.20762,ADDRESS,34003,976
-74.17075,41.07444,28,28,384,ASCENA RETAIL GROUP,933 MACARTHUR BOULEVARD,NOT AVAILABLE,MAHWAH,NJ,7430,BERGEN,41000,6995,41.07444,-74.17075,ADDRESS,34003,-11.9
-74.00657,40.87398,29,29,205,COGNIZANT TECHNOLOGY SOLUTIONS,500 FRANK W BURR BOULEVARD,NOT AVAILABLE,TEANECK,NJ,7666,BERGEN,260200,13487,40.87398,-74.00657,ADDRESS,34003,1553
-86.44101,42.14912,30,30,137,WHIRLPOOL,2000 NORTH M-63,NOT AVAILABLE,BENTON HARBOR,MI,49022,BERRIEN,93000,20718,42.14912,-86.44101,ADDRESS,26021,888
-98.47939,29.49244,31,31,426,IHEARTMEDIA,200 EAST BASSE ROAD,SUITE 100,SAN ANTONIO,TX,78209,BEXAR,18700,6274,29.49244,-98.47939,ADDRESS,48029,-296.3
-98.42136,29.624432,32,32,307,CST BRANDS,19500 BULVERDE ROAD,SUITE 200,SAN ANTONIO,TX,78259,BEXAR,12380,9061,29.624432,-98.42136,ON-ENTITY,48029,324
-98.606,29.58919,33,33,37,VALERO ENERGY,1 VALERO WAY,NOT AVAILABLE,SAN ANTONIO,ID,78249,BEXAR,9996,70166,29.58919,-98.606,ADDRESS,48029,2289
-98.45941,29.6161,34,34,117,ANDEAVOR,19100 RIDGEWOOD PARKWAY,NOT AVAILABLE,SAN ANTONIO,ID,78259,BEXAR,6308,24005,29.6161,-98.45941,ADDRESS,48029,734
-98.573,29.53455,35,35,102,USAA,9800 FREDERICKSBURG ROAD,NOT AVAILABLE,SAN ANTONIO,NC,78288,BEXAR,29943,27131,29.53455,-98.573,ADDRESS,48029,1779.1
-80.63837,28.0913,36,36,363,HARRIS,1025 WEST NASA BOULEVARD,NOT AVAILABLE,MELBOURNE,CA,32919,BREVARD,21000,7527,28.0913,-80.63837,ADDRESS,12009,324
-105.0992,39.91172,37,37,306,BALL,10 LONGS PEAK DRIVE,NOT AVAILABLE,BROOMFIELD,CA,80021,BROOMFIELD,18450,9061,39.91172,-105.0992,ADDRESS,8014,263
-105.14427,39.9206,38,38,336,LEVEL 3 COMMUNICATIONS,1025 ELDORADO BOULEVARD,NOT AVAILABLE,BROOMFIELD,CA,80021,BROOMFIELD,12600,8172,39.9206,-105.14427,ADDRESS,8014,677
-80.14419,26.12002,39,39,129,AUTONATION,200 SW 1ST AVENUE,NOT AVAILABLE,FORT LAUDERDALE,CA,33301,BROWARD,26000,21609,26.12002,-80.14419,ADDRESS,12011,430.5
-74.80758,40.09215,40,40,463,BURLINGTON STORES,2006 ROUTH 130,NOT AVAILABLE,BURLINGTON,PA,8016,BURLINGTON,40000,5591,40.09215,-74.80758,ADDRESS,34005,215.9
-84.52325,39.30823,41,41,476,CINCINNATI FINANCIAL,6200 SOUTH GILMORE ROAD,NOT AVAILABLE,FAIRFIELD,PA,45014,BUTLER,4754,5449,39.30823,-84.52325,ADDRESS,39017,590.7
-84.42792,39.32767,42,42,441,AK STEEL HOLDING,9227 CENTRE POINT DRIVE,NOT AVAILABLE,WEST CHESTER,PA,45069,BUTLER,8500,5883,39.32767,-84.42792,ADDRESS,39017,-7.8
-85.22982,42.3523,43,43,216,KELLOGG,1 KELLOGG SQUARE,NOT AVAILABLE,BATTLE CREEK,PA,49017,CALHOUN,37369,13014,42.3523,-85.22982,ADDRESS,26025,694
-75.10737,39.94217,44,44,339,CAMPBELL SOUP,1 CAMPBELL PLACE,NOT AVAILABLE,CAMDEN,PA,8103,CAMDEN,16500,7961,39.94217,-75.10737,ADDRESS,34007,563
-76.24149,36.76982,45,45,136,DOLLAR TREE,500 VOLVO PARKWAY,NOT AVAILABLE,CHESAPEAKE,IN,23320,CHESAPEAKE (CITY),116050,20719,36.76982,-76.24149,ADDRESS,51550,896.2
-75.71159,39.84708,46,46,454,GENESIS HEALTHCARE,101 EAST STATE STREET,NOT AVAILABLE,KENNETT SQUARE,CO,19348,CHESTER,82000,5733,39.84708,-75.71159,ADDRESS,42029,-64
-115.17141,36.12198,47,47,249,LAS VEGAS SANDS,3355 LAS VEGAS BOULEVARD SOUTH,NOT AVAILABLE,LAS VEGAS,CO,89109,CLARK,49000,11410,36.12198,-115.17141,ADDRESS,32003,1670
-115.17694,36.11203,48,48,297,MGM RESORTS INTERNATIONAL,3600 LAS VEGAS BOULEVARD SOUTH,NOT AVAILABLE,LAS VEGAS,CO,89109,CLARK,66500,9455,36.11203,-115.17694,ADDRESS,32003,1101.4
-84.46972,33.89521,49,49,180,GENUINE PARTS,2999 CIRCLE 75 PARKWAY,NOT AVAILABLE,ATLANTA,CO,30339,COBB,40000,15340,33.89521,-84.46972,ADDRESS,13067,687.2
-84.46577,33.87735,50,50,364,HD SUPPLY HOLDINGS,3100 CUMBERLAND BOULEVARD,SUITE 1700,ATLANTA,CO,30339,COBB,14000,7524,33.87735,-84.46577,ADDRESS,13067,196
-84.48297,33.86197,51,51,23,HOME DEPOT,2455 PACES FERRY ROAD NW,NOT AVAILABLE,ATLANTA,CO,30339,COBB,406000,94595,33.86197,-84.48297,ADDRESS,13067,7957
-96.82359,33.08093,52,52,378,ALLIANCE DATA SYSTEMS,7500 DALLAS PARKWAY,SUITE 700,PLANO,CO,75024,COLLIN,17000,7138,33.08093,-96.82359,ADDRESS,48085,515.8
-96.80476,33.07563,53,53,416,DR PEPPER SNAPPLE GROUP,5301 LEGACY DRIVE,NOT AVAILABLE,PLANO,VA,75024,COLLIN,20000,6440,33.07563,-96.80476,ADDRESS,48085,847
-96.83171,33.0811,54,54,221,J.C. PENNEY,6501 LEGACY DRIVE,NOT AVAILABLE,PLANO,VA,75024,COLLIN,106000,12547,33.0811,-96.83171,ADDRESS,48085,1
-96.83538,33.07438,55,55,399,YUM CHINA HOLDINGS,7100 CORPORATE DRIVE,NOT AVAILABLE,PLANO,IN,75024,COLLIN,420000,6752,33.07438,-96.83538,ADDRESS,48085,502
-121.95969,37.75832,56,56,19,CHEVRON,6001 BOLLINGER CANYON ROAD,NOT AVAILABLE,SAN RAMON,AR,94583,CONTRA COSTA,55200,107567,37.75832,-121.95969,ADDRESS,6013,-497
-87.85781,41.9889,57,57,124,US FOODS HOLDING,9399 WEST HIGGINS ROAD,SUITE 500,ROSEMONT,AR,60018,COOK,25000,22919,41.9889,-87.85781,ADDRESS,17031,209.8
-87.82337,42.09727,58,58,359,ANIXTER INTERNATIONAL,2301 PATRIOT BOULEVARD,NOT AVAILABLE,GLENVIEW,NJ,60026,COOK,8900,7625,42.09727,-87.82337,ADDRESS,17031,120.5
-87.84604,42.08769,59,59,202,ILLINOIS TOOL WORKS,3600 WEST LAKE AVENUE,NOT AVAILABLE,GLENVIEW,NJ,60026,COOK,50000,13599,42.08769,-87.84604,ADDRESS,17031,2035
-87.87074,42.09907,60,60,84,ALLSTATE,2775 SANDERS ROAD,NOT AVAILABLE,NORTHBROOK,NJ,60062,COOK,43275,36534,42.09907,-87.87074,ADDRESS,17031,1877
-87.621006,41.885297,61,61,106,KRAFT HEINZ,200 EAST RANDOLPH STREET,NOT AVAILABLE,CHICAGO,NJ,60601,COOK,41000,26487,41.885297,-87.621006,ON-ENTITY,17031,3632
-87.90225,41.84558,62,62,456,INGREDION,5 WESTBROOK CORPORATE CENTER,SUITE 500,WESTCHESTER,MI,60154,COOK,11000,5704,41.84558,-87.90225,ADDRESS,17031,484.9
-88.22354,42.08016,63,63,127,SEARS HOLDINGS,3333 BEVERLY ROAD,NOT AVAILABLE,HOFFMAN ESTATES,TX,60179,COOK,140000,22138,42.08016,-88.22354,ADDRESS,17031,-2221
-87.64077,41.880843,64,64,433,MOTOROLA SOLUTIONS,500 WEST MONROE STREET,SUITE 4400,CHICAGO,IL,60661,COOK,14000,6038,41.880843,-87.64077,ON-ENTITY,17031,560
-87.62148,41.88526,65,65,391,JONES LANG LASALLE,200 EAST RANDOLPH DRIVE,NOT AVAILABLE,CHICAGO,ID,60601,COOK,77300,6804,41.88526,-87.62148,ADDRESS,17031,318.2
-87.62429,41.8871,66,66,439,OLD REPUBLIC INTERNATIONAL,307 NORTH MICHIGAN AVENUE,NOT AVAILABLE,CHICAGO,ID,60601,COOK,8500,5901,41.8871,-87.62429,ADDRESS,17031,466.9
-87.63014,41.88133,67,67,89,EXELON,10 SOUTH DEARBORN STREET,NOT AVAILABLE,CHICAGO,NC,60603,COOK,34396,31360,41.88133,-87.63014,ADDRESS,17031,1134
-87.63855,41.88355,68,68,24,BOEING,100 NORTH RIVERSIDE PLAZA,NOT AVAILABLE,CHICAGO,CA,60606,COOK,150540,94571,41.88355,-87.63855,ADDRESS,17031,4895
-87.629188,41.886583,69,69,388,R.R. DONNELLEY & SONS,35 W WACKER DRIVE,NOT AVAILABLE,CHICAGO,CA,60606,COOK,44360,6896,41.886583,-87.629188,ON-ENTITY,17031,-495.9
-87.63598,41.8787,70,70,83,UNITED CONTINENTAL HOLDINGS,233 SOUTH WACKER DRIVE,NOT AVAILABLE,CHICAGO,CA,60606,COOK,88000,36556,41.8787,-87.63598,ADDRESS,17031,2263
-87.64047,41.88235,71,71,304,LKQ,500 WEST MADISON STREET,SUITE 2800,CHICAGO,CA,60661,COOK,42500,9082,41.88235,-87.64047,ADDRESS,17031,464
-76.91367,40.25675,72,72,91,RITE AID,30 HUNTER LANE,NOT AVAILABLE,CAMP HILL,PA,17011,CUMBERLAND,70580,30737,40.25675,-76.91367,ADDRESS,42041,165.5
-81.69401,41.50094,73,73,479,KEYCORP,127 PUBLIC SQUARE,NOT AVAILABLE,CLEVELAND,PA,44114,CUYAHOGA,15700,5422,41.50094,-81.69401,ADDRESS,39035,791
-81.69359,41.49747,74,74,236,SHERWIN-WILLIAMS,101 WEST PROSPECT AVENUE,SUITE 1020,CLEVELAND,PA,44115,CUYAHOGA,42550,11856,41.49747,-81.69359,ADDRESS,39035,1132.7
-81.46095,41.50688,75,75,251,PARKER-HANNIFIN,6035 PARKLAND BOULEVARD,NOT AVAILABLE,CLEVELAND,PA,44124,CUYAHOGA,48950,11361,41.50688,-81.46095,ADDRESS,39035,806.8
-81.45156,41.53704,76,76,120,PROGRESSIVE,6300 WILSON MILLS ROAD,NOT AVAILABLE,MAYFIELD VILLAGE,PA,44143,CUYAHOGA,31721,23441,41.53704,-81.45156,ADDRESS,39035,1031
-81.89416,41.45648,77,77,470,TRAVELCENTERS OF AMERICA,24601 CENTER RIDGE ROAD,SUITE 200,WESTLAKE,IN,44145,CUYAHOGA,20259,5511,41.45648,-81.89416,ADDRESS,39035,-2
-93.06283,44.86943,78,78,93,CHS,5500 CENEX DRIVE,NOT AVAILABLE,INVER GROVE HEIGHT,CO,55077,DAKOTA,12157,30347,44.86943,-93.06283,ADDRESS,27037,424.2
-93.14265,44.86743,79,79,466,PATTERSON,1031 MENDOTA HEIGHTS ROAD,NOT AVAILABLE,SAINT PAUL,CO,55120,DAKOTA,7000,5555,44.86743,-93.14265,ADDRESS,27037,187.2
-96.95025,32.86992,80,80,155,KIMBERLY-CLARK,351 PHELPS DRIVE,NOT AVAILABLE,IRVING,CO,75038,DALLAS,42000,18202,32.86992,-96.95025,ADDRESS,48113,2166
-96.94402,32.87148,81,81,484,CELANESE,222 WEST LAS COLINAS BOULEVARD,NOT AVAILABLE,IRVING,CO,75039,DALLAS,7293,5389,32.87148,-96.94402,ADDRESS,48113,900
-96.94977,32.89021,82,82,4,EXXON MOBIL,5959 LAS COLINAS BOULEVARD,NOT AVAILABLE,IRVING,CO,75039,DALLAS,72700,205004,32.89021,-96.94977,ADDRESS,48113,7840
-96.94971,32.90331,83,83,149,FLUOR,6700 LAS COLINAS BOULEVARD,NOT AVAILABLE,IRVING,CO,75039,DALLAS,61551,19037,32.90331,-96.94971,ADDRESS,48113,281.4
-96.96431,32.89835,84,84,499,VISTRA ENERGY,6555 SIERRA DRIVE,NOT AVAILABLE,IRVING,CO,75039,DALLAS,4431,5164,32.89835,-96.96431,ADDRESS,48113,-99999
-96.98834,32.91509,85,85,496,MICHAELS COS.,8000 BENT BRANCH DRIVE,NOT AVAILABLE,IRVING,VA,75063,DALLAS,31000,5197,32.91509,-96.98834,ADDRESS,48113,378.2
-96.79636,32.78526,86,86,421,BUILDERS FIRSTSOURCE,2001 BRYAN STREET,SUITE 1600,DALLAS,VA,75201,DALLAS,14000,6367,32.78526,-96.79636,ADDRESS,48113,144.3
-96.80818,32.79448,87,87,274,HOLLYFRONTIER,2828 NORTH HARWOOD,SUITE 1300,DALLAS,IN,75201,DALLAS,2676,10536,32.79448,-96.80818,ADDRESS,48113,-260.5
-96.7993,32.77946,88,88,9,AT&T,208 SOUTH AKARD STREET,NOT AVAILABLE,DALLAS,AR,75202,DALLAS,268540,163786,32.77946,-96.7993,ADDRESS,48113,12976
-96.80259,32.78485,89,89,134,TENET HEALTHCARE,1445 ROSS AVENUE,NOT AVAILABLE,DALLAS,AR,75202,DALLAS,116475,21070,32.78485,-96.80259,ADDRESS,48113,-192
-96.79212,32.80555,90,90,351,DEAN FOODS,2711 NORTH HASKELL AVENUE,NOT AVAILABLE,DALLAS,NJ,75204,DALLAS,17000,7710,32.80555,-96.79212,ADDRESS,48113,119.9
-96.807209,32.861433,91,91,79,ENERGY TRANSFER EQUITY,8111 WESTCHESTER DRIVE,NOT AVAILABLE,DALLAS,NJ,75225,DALLAS,30992,37504,32.861433,-96.807209,ON-ENTITY,48113,995
-96.86395,32.84607,92,92,138,SOUTHWEST AIRLINES,2702 LOVE FIELD DRIVE,NOT AVAILABLE,DALLAS,NJ,75235,DALLAS,53536,20425,32.84607,-96.86395,ADDRESS,48113,2244
-96.75812,32.91043,93,93,206,TEXAS INSTRUMENTS,12500 TI BOULEVARD,NOT AVAILABLE,DALLAS,NJ,75243,DALLAS,29865,13370,32.91043,-96.75812,ADDRESS,48113,3595
-89.28863,43.1549,94,94,315,AMERICAN FAMILY INSURANCE GROUP,6000 AMERICAN PARKWAY,NOT AVAILABLE,MADISON,MI,53783,DANE,10471,8829,43.1549,-89.28863,ADDRESS,55025,325.6
-76.64913,40.30256,95,95,369,HERSHEY,100 CRYSTAL A DRIVE,NOT AVAILABLE,HERSHEY,TX,17033,DAUPHIN,17140,7440,40.30256,-76.64913,ADDRESS,42043,720
-86.6993,36.30908,96,96,128,DOLLAR GENERAL,100 MISSION RIDGE,NOT AVAILABLE,GOODLETTSVILLE,TN,37072,DAVIDSON,121000,21987,36.30908,-86.6993,ADDRESS,47037,1251.1
-86.81451,36.15317,97,97,63,HCA HOLDINGS,1 PARK PLAZA,NOT AVAILABLE,NASHVILLE,ID,37203,DAVIDSON,210500,44747,36.15317,-86.81451,ADDRESS,47037,2890
-75.35803,40.04169,98,98,489,AIRGAS,259 NORTH RADNOR-CHESTER ROAD,NOT AVAILABLE,RADNOR,ID,19087,DELAWARE,17000,5314,40.04169,-75.35803,ADDRESS,42045,337.5
-75.46781,40.0692,99,99,11,AMERISOURCEBERGEN,1300 MORRIS DRIVE,NOT AVAILABLE,CHESTERBROOK,NC,19087,DELAWARE,18500,146850,40.0692,-75.46781,ADDRESS,42045,1427.9
-75.36449,40.04054,100,100,207,LINCOLN NATIONAL,150 NORTH RADNOR CHESTER ROAD,NOT AVAILABLE,RADNOR,CA,19087,DELAWARE,9057,13330,40.04054,-75.36449,ADDRESS,42045,1192
-105.00405,39.75385,101,101,181,DAVITA HEALTHCARE PARTNERS,2000 16TH STREET,NOT AVAILABLE,DENVER,CA,80202,DENVER,70300,15197,39.75385,-105.00405,ADDRESS,8031,879.9
-77.07715,38.94045,102,102,20,FANNIE MAE,3900 WISCONSIN AVENUE NW,NOT AVAILABLE,WASHINGTON,CA,20016,DISTRICT OF COLUMBIA,7000,107162,38.94045,-77.07715,ADDRESS,11001,12313
-77.04905,38.90158,103,103,144,DANAHER,2200 PENNSYLVANIA AVENUE NW,NOT AVAILABLE,WASHINGTON,CA,20037,DISTRICT OF COLUMBIA,62000,19912,38.90158,-77.04905,ADDRESS,11001,2553.7
-95.92733,41.2563,104,104,197,CONAGRA FOODS,1 CONAGRA DRIVE,NOT AVAILABLE,OMAHA,PA,68102,DOUGLAS,20900,14134,41.2563,-95.92733,ADDRESS,55,-677
-95.96556,41.25721,105,105,2,BERKSHIRE HATHAWAY,3555 FARNAM STREET,1440 KIEWIT PLAZA,OMAHA,PA,68131,DOUGLAS,367700,223604,41.25721,-95.96556,ADDRESS,55,24074
-95.93518,41.25917,106,106,143,UNION PACIFIC,1400 DOUGLAS STREET,NOT AVAILABLE,OMAHA,PA,68179,DOUGLAS,42919,19941,41.25917,-95.93518,ADDRESS,55,4233
-88.01484,41.98806,107,107,462,ARTHUR J. GALLAGHER,2 PIERCE PLACE,NOT AVAILABLE,ITASCA,PA,60143,DUPAGE,24790,5595,41.98806,-88.01484,ADDRESS,17043,414.4
-88.00463,41.8323,108,108,338,UNIVAR,3075 HIGHLAND PARKWAY,SUITE 200,DOWNERS GROVE,PA,60515,DUPAGE,8700,8074,41.8323,-88.00463,ADDRESS,17043,-68.4
-88.00745,41.83254,109,109,392,DOVER,3005 HIGHLAND PARKWAY,NOT AVAILABLE,DOWNERS GROVE,IN,60515,DUPAGE,29000,6794,41.83254,-88.00745,ADDRESS,17043,508.9
-87.94548,41.84894,110,110,112,MCDONALD'S,1 MCDONALD'S PLAZA,NOT AVAILABLE,OAK BROOK,CO,60523,DUPAGE,375000,24622,41.84894,-87.94548,ADDRESS,17043,4686.5
-87.94812,41.84962,111,111,427,TREEHOUSE FOODS,2021 SPRING ROAD,SUITE 600,OAK BROOK,CO,60523,DUPAGE,16027,6175,41.84962,-87.94812,ADDRESS,17043,-228.6
-88.10736,41.81126,112,112,337,NAVISTAR INTERNATIONAL,2701 NAVISTAR DRIVE,NOT AVAILABLE,LISLE,CO,60532,DUPAGE,11300,8111,41.81126,-88.10736,ADDRESS,17043,-97
-78.84023,35.88038,113,113,390,QUINTILES TRANSNATIONAL HOLDINGS,4820 EMPEROR BOULEVARD,NOT AVAILABLE,DURHAM,CO,27703,DURHAM,50000,6878,35.88038,-78.84023,ADDRESS,37063,115
-81.66411,30.32474,114,114,257,CSX,500 WATER STREET,15TH FLOOR,JACKSONVILLE,CO,32202,DUVAL,26628,11069,30.32474,-81.66411,ADDRESS,12031,1714
-81.67456,30.31897,115,115,293,FIDELITY NATIONAL FINANCIAL,601 RIVERSIDE AVENUE,NOT AVAILABLE,JACKSONVILLE,CO,32204,DUVAL,55219,9554,30.31897,-81.67456,ADDRESS,12031,650
-81.67456,30.31897,116,116,301,FIDELITY NATIONAL INFORMATION SERVICES,601 RIVERSIDE AVENUE,NOT AVAILABLE,JACKSONVILLE,CO,32204,DUVAL,55000,9241,30.31897,-81.67456,ADDRESS,12031,568
-84.64068,42.72472,117,117,398,AUTO-OWNERS INSURANCE,6101 ANACAPRI BOULEVARD,NOT AVAILABLE,LANSING,VA,48917,EATON,4737,6775,42.72472,-84.64068,ADDRESS,26045,706.3
-106.48934,31.75895,118,118,349,WESTERN REFINING,123 WEST MILLS AVENUE,SUITE 200,EL PASO,VA,79901,EL PASO,7134,7743,31.75895,-106.48934,ADDRESS,48141,124.9
-78.87331,42.88876,119,119,455,M&T BANK CORP.,1 M&T PLAZA,NOT AVAILABLE,BUFFALO,IN,14203,ERIE,16487,5722,42.88876,-78.87331,ADDRESS,36049,1315.1
-80.084,42.13031,120,120,382,ERIE INSURANCE GROUP,100 ERIE INSURANCE PLACE,NOT AVAILABLE,ERIE,AR,16530,ERIE,4988,7016,42.13031,-80.084,ADDRESS,42049,741.9
-74.30939,40.81623,121,121,240,ADP,1 ADP BOULEVARD,NOT AVAILABLE,ROSELAND,AR,7068,ESSEX,57000,11668,40.81623,-74.30939,ADDRESS,34013,1492.5
-74.17158,40.73666,122,122,48,PRUDENTIAL FINANCIAL,751 BROAD STREET,NOT AVAILABLE,NEWARK,NJ,7102,ESSEX,49739,58779,40.73666,-74.17158,ADDRESS,34013,4368
-74.16963,40.7379,123,123,308,PUBLIC SERVICE ENTERPRISE GROUP,80 PARK PLAZA,NOT AVAILABLE,NEWARK,NJ,7102,ESSEX,13065,9061,40.7379,-74.16963,ADDRESS,34013,887
-77.34999,38.95224,124,124,446,NVR,11700 PLAZA AMERICAN DRIVE,SUITE 500,RESTON,NJ,20190,FAIRFAX,4900,5835,38.95224,-77.34999,ADDRESS,51059,425.3
-77.35907,38.95909,125,125,381,LEIDOS HOLDINGS,11951 FREEDOM DRIVE,NOT AVAILABLE,RESTON,NJ,20190,FAIRFAX,32000,7043,38.95909,-77.35907,ADDRESS,51059,244
-77.220295,38.923544,126,126,379,COMPUTER SCIENCES CORPORATION,1775 TYSONS BOULEVARD,NOT AVAILABLE,MCLEAN,MI,22102,FAIRFAX,59000,7106,38.923544,-77.220295,ON-ENTITY,51059,251
-77.21468,38.86895,127,127,90,GENERAL DYNAMICS,2941 FAIRVIEW PARK DRIVE,NOT AVAILABLE,FALLS CHURCH,TX,22042,FAIRFAX,98800,31353,38.86895,-77.21468,ADDRESS,51059,2955
-77.21551,38.86758,128,128,114,NORTHROP GRUMMAN,2980 FAIRVIEW PARK DRIVE,NOT AVAILABLE,FALLS CHURCH,TX,22042,FAIRFAX,67000,24508,38.86758,-77.21551,ADDRESS,51059,2200
-77.21557,38.92871,129,129,443,ADOBE SYSTEMS,7930 JONES BRANCH DRIVE,SUITE 510,MCLEAN,ID,22102,FAIRFAX,15706,5854,38.92871,-77.21557,ADDRESS,51059,1168.8
-77.23179,38.92229,130,130,481,BOOZ ALLEN HAMILTON HOLDING,8283 GREENSBORO DRIVE,NOT AVAILABLE,MCLEAN,ID,22102,FAIRFAX,22600,5406,38.92229,-77.23179,ADDRESS,51059,294.1
-77.21334,38.92432,131,131,100,CAPITAL ONE FINANCIAL,1680 CAPITAL ONE DRIVE,NOT AVAILABLE,MCLEAN,NC,22102,FAIRFAX,47300,27519,38.92432,-77.21334,ADDRESS,51059,3751
-77.22706,38.93286,132,132,39,FREDDIE MAC,8200 JONES BRANCH DRIVE,NOT AVAILABLE,MCLEAN,CA,22102,FAIRFAX,5982,65665,38.93286,-77.22706,ADDRESS,51059,7815
-77.21557,38.92871,133,133,241,HILTON WORLDWIDE HOLDINGS,7930 JONES BRANCH DRIVE,NOT AVAILABLE,MCLEAN,CA,22102,FAIRFAX,169000,11663,38.92871,-77.21557,ADDRESS,51059,348
-73.53267,41.38683,134,134,275,PRAXAIR,39 OLD RIDGEBURY ROAD,NOT AVAILABLE,DANBURY,CA,6810,FAIRFIELD,26498,10534,41.38683,-73.53267,ADDRESS,9001,1500
-73.25309,41.21922,135,135,13,GENERAL ELECTRIC,3135 EASTON TURNPIKE,NOT AVAILABLE,FAIRFIELD,CA,6828,FAIRFIELD,295000,126661,41.21922,-73.25309,ADDRESS,9001,8831
-73.62254,41.01869,136,136,354,W.R. BERKLEY,475 STEAMBOAT ROAD,NOT AVAILABLE,GREENWICH,PA,6830,FAIRFIELD,7608,7654,41.01869,-73.62254,ADDRESS,9001,601.9
-73.64796,41.01936,137,137,191,XPO LOGISTICS,5 GREENWICH OFFICE PARK,NOT AVAILABLE,GREENWICH,PA,6831,FAIRFIELD,87000,14619,41.01936,-73.64796,ADDRESS,9001,69
-73.42985,41.14499,138,138,162,XEROX,45 GLOVER AVENUE,NOT AVAILABLE,NORWALK,PA,6850,FAIRFIELD,133600,17126,41.14499,-73.42985,ADDRESS,9001,-477
-73.42656,41.14935,139,139,360,EMCOR GROUP,301 MERRITT SEVEN,NOT AVAILABLE,NORWALK,PA,6851,FAIRFIELD,31000,7552,41.14935,-73.42656,ADDRESS,9001,181.9
-73.42684,41.14844,140,140,313,FRONTIER COMMUNICATIONS,401 MERRITT 7,NOT AVAILABLE,NORWALK,PA,6851,FAIRFIELD,28332,8896,41.14844,-73.42684,ADDRESS,9001,-373
-73.45417,41.09313,141,141,268,PRICELINE GROUP,800 CONNECTICUT AVENUE,3W01,NORWALK,IN,6854,FAIRFIELD,18500,10743,41.09313,-73.45417,ADDRESS,9001,2135
-73.33089,41.12544,142,142,445,TEREX,200 NYALA FARM ROAD,NOT AVAILABLE,WESTPORT,CO,6880,FAIRFIELD,18100,5841,41.12544,-73.33089,ADDRESS,9001,-176.1
-73.5389,41.04985,143,143,96,CHARTER COMMUNICATIONS,400 ATLANTIC STREET,SUITE 1500,STAMFORD,CO,6901,FAIRFIELD,91500,29003,41.04985,-73.5389,ADDRESS,9001,3522
-73.5389,41.04985,144,144,386,HARMAN INTERNATIONAL INDUSTRIES,400 ATLANTIC STREET,NOT AVAILABLE,STAMFORD,CO,6901,FAIRFIELD,26000,6912,41.04985,-73.5389,ADDRESS,9001,361.7
-73.56197,41.09674,145,145,185,SYNCHRONY FINANCIAL,777 LONG RIDGE ROAD,NOT AVAILABLE,STAMFORD,CO,6902,FAIRFIELD,15000,15122,41.09674,-73.56197,ADDRESS,9001,2251
-73.54979,41.04426,146,146,452,UNITED RENTALS,100 FIRST STAMFORD PLACE,SUITE 700,STAMFORD,CO,6902,FAIRFIELD,12500,5762,41.04426,-73.54979,ADDRESS,9001,566
-80.24518,36.09576,147,147,245,BB&T CORP.,200 WEST 2ND STREET,NOT AVAILABLE,WINSTON-SALEM,CO,27101,FORSYTH,37500,11538,36.09576,-80.24518,ADDRESS,37067,2426
-80.24373,36.09949,148,148,223,REYNOLDS AMERICAN,401 NORTH MAIN STREET,NOT AVAILABLE,WINSTON-SALEM,CO,27101,FORSYTH,5525,12503,36.09949,-80.24373,ADDRESS,37067,6073
-80.26355,36.18974,149,149,432,HANESBRANDS,1000 EAST HANES MILL ROAD,NOT AVAILABLE,WINSTON-SALEM,VA,27105,FORSYTH,67800,6063,36.18974,-80.26355,ADDRESS,37067,539.4
-83.10936,39.95917,150,150,495,BIG LOTS,300 PHILLIPI ROAD,NOT AVAILABLE,COLUMBUS,VA,43228,FRANKLIN,23150,5200,39.95917,-83.10936,ADDRESS,39049,152.8
-83.12077,40.10899,151,151,15,CARDINAL HEALTH,7000 CARDINAL PLACE,NOT AVAILABLE,DUBLIN,IN,43017,FRANKLIN,37300,121546,40.10899,-83.12077,ADDRESS,39049,1427
-83.00596,39.96514,152,152,167,AMERICAN ELECTRIC POWER,1 RIVERSIDE PLAZA,NOT AVAILABLE,COLUMBUS,AR,43215,FRANKLIN,17634,16380,39.96514,-83.00596,ADDRESS,39049,610.9
-83.00345,39.96857,153,153,68,NATIONWIDE,1 NATIONWIDE BOULEVARD,NOT AVAILABLE,COLUMBUS,AR,43215,FRANKLIN,34320,40074,39.96857,-83.00345,ADDRESS,39049,334.3
-82.89613,40.05448,154,154,220,L BRANDS,3 LIMITED PARKWAY,NOT AVAILABLE,COLUMBUS,NJ,43230,FRANKLIN,59100,12574,40.05448,-82.89613,ADDRESS,39049,1158.1
-84.3547,33.93467,155,155,331,VERITIV,1000 ABERNATHY ROAD,SUITE 1700,ATLANTA,NJ,30328,FULTON,8700,8327,33.93467,-84.3547,ADDRESS,13121,21
-84.09278,34.00499,156,156,410,ASBURY AUTOMOTIVE GROUP,2905 PREMIERE PARKWAY NW,NOT AVAILABLE,DULUTH,NJ,30097,FULTON,7900,6528,34.00499,-84.09278,ADDRESS,13121,167.2
-84.38826,33.76434,157,157,145,SOUTHERN,30 IVAN ALLEN JR. BOULEVARD NW,NOT AVAILABLE,ATLANTA,GA,30308,FULTON,32015,19896,33.76434,-84.38826,ADDRESS,13121,2448
-84.38652,33.76286,158,158,303,SUNTRUST BANKS,303 PEACHTREE STREET NE,NOT AVAILABLE,ATLANTA,GA,30308,FULTON,24375,9161,33.76286,-84.38652,ADDRESS,13121,1878
-84.39629,33.77128,159,159,64,COCA-COLA,1 COCA-COLA PLAZA,NOT AVAILABLE,ATLANTA,GA,30313,FULTON,100300,41863,33.77128,-84.39629,ADDRESS,13121,6527
-84.43108,33.90902,160,160,437,INTERCONTINENTAL EXCHANGE,5660 NEW NORTHSIDE DRIVE NW,FLOOR 3,ATLANTA,GA,30328,FULTON,5631,5958,33.90902,-84.43108,ADDRESS,13121,1422
-74.027717,40.738661,161,161,208,NEWELL BRANDS,221 RIVER STREET,NOT AVAILABLE,HOBOKEN,NJ,7030,HUDSON,53400,13264,40.738661,-74.027717,ON-ENTITY,34121,527.8
-84.36142,33.94199,162,162,46,UPS,55 GLENLAKE PARKWAY NE,NOT AVAILABLE,ATLANTA,GA,30328,FULTON,335520,60906,33.94199,-84.36142,ADDRESS,13121,3431
-84.36033,33.90543,163,163,242,FIRST DATA,5565 GLENRIDGE CONNECTOR NE,NOT AVAILABLE,ATLANTA,GA,30342,FULTON,24000,11584,33.90543,-84.36033,ADDRESS,13121,420
-84.42315,33.6564,164,164,71,DELTA AIR LINES,1030 DELTA BOULEVARD,NOT AVAILABLE,ATLANTA,GA,30354,FULTON,83756,39639,33.6564,-84.42315,ADDRESS,13121,4373
-77.67067,37.63877,165,165,174,CARMAX,12800 TUCKAHOE CREEK PARKWAY,NOT AVAILABLE,RICHMOND,VA,23238,GOOCHLAND,22429,15833,37.63877,-77.67067,ADDRESS,51075,623.4
-84.93784,34.47421,166,166,311,MOHAWK INDUSTRIES,160 SOUTH INDUSTRIAL BOULEVARD,NOT AVAILABLE,CALHOUN,GA,30701,GORDON,37800,8959,34.47421,-84.93784,ADDRESS,13129,930.4
-93.24937,37.20792,167,167,323,O'REILLY AUTOMOTIVE,233 SOUTH PATTERSON AVENUE,NOT AVAILABLE,SPRINGFIELD,MO,65802,GREENE,58397,8593,37.20792,-93.24937,ADDRESS,29077,1037.7
-79.79907,36.12171,168,168,230,VF,105 CORPORATE CENTER BOULEVARD,NOT AVAILABLE,GREENSBORO,NC,27408,GUILFORD,69000,12207,36.12171,-79.79907,ADDRESS,37081,1074.1
-84.22019,33.93671,169,169,190,WESTROCK,504 THRASHER STREET,NOT AVAILABLE,NORCROSS,GA,30071,GWINNETT,39000,14706,33.93671,-84.22019,ADDRESS,13135,-396.3
-84.16473,34.01785,170,170,370,AGCO,4205 RIVER GREEN PARKWAY,NOT AVAILABLE,DULUTH,GA,30096,GWINNETT,19795,7411,34.01785,-84.16473,ADDRESS,13135,160.1
-84.389521,33.779256,171,171,409,NCR,864 SPRING STREET NW,NOT AVAILABLE,ATLANTA,GA,30308,FULTON,33500,6543,33.779256,-84.389521,ON-ENTITY,13135,270
-85.30727,35.04977,172,172,258,UNUM GROUP,1 FOUNTAIN SQUARE,NOT AVAILABLE,CHATTANOOGA,TN,37402,HAMILTON,9400,11047,35.04977,-85.30727,ADDRESS,47065,931.4
-84.50718,39.10012,173,173,411,AMERICAN FINANCIAL GROUP,301 EAST 4TH STREET,NOT AVAILABLE,CINCINNATI,OH,45202,HAMILTON,7600,6498,39.10012,-84.50718,ADDRESS,39061,649
-84.51422,39.10673,174,174,18,KROGER,1014 VINE STREET,NOT AVAILABLE,CINCINNATI,OH,45202,HAMILTON,443000,115337,39.10673,-84.51422,ADDRESS,39061,1975
-84.51413,39.10325,175,175,110,MACY'S,7 WEST 7TH STREET,NOT AVAILABLE,CINCINNATI,OH,45202,HAMILTON,148300,25778,39.10325,-84.51413,ADDRESS,39061,619
-84.50607,39.10113,176,176,483,WESTERN & SOUTHERN FINANCIAL GROUP,400 BROADWAY,NOT AVAILABLE,CINCINNATI,OH,45202,HAMILTON,2178,5398,39.10113,-84.50607,ADDRESS,39061,241.2
-84.51246,39.10115,177,177,389,FIFTH THIRD BANCORP,38 FOUNTAIN SQUARE PLAZA,NOT AVAILABLE,CINCINNATI,OH,45263,HAMILTON,17844,6889,39.10115,-84.51246,ADDRESS,39061,1564
-72.547416,42.151263,178,178,358,EVERSOURCE ENERGY,300 CADWELL DRIVE,NOT AVAILABLE,SPRINGFIELD,MA,1104,HAMPDEN,7762,7639,42.151263,-72.547416,ON-ENTITY,25013,942.3
-72.5481,42.11747,179,179,77,MASSACHUSETTS MUTUAL LIFE INSURANCE,1295 STATE STREET,NOT AVAILABLE,SPRINGFIELD,MA,1111,HAMPDEN,11737,37788,42.11747,-72.5481,ADDRESS,25013,1273.5
-83.64974,41.03602,180,180,51,MARATHON PETROLEUM,539 SOUTH MAIN STREET,NOT AVAILABLE,FINDLAY,OH,45840,HANCOCK,44460,55858,41.03602,-83.64974,ADDRESS,39063,1174
-77.40796,37.64496,181,181,288,OWENS & MINOR,9120 LOCKWOOD BOULEVARD,NOT AVAILABLE,MECHANICSVILLE,VA,23116,HANOVER,7900,9723,37.64496,-77.40796,ADDRESS,51085,108.8
-95.36438,29.7614,182,182,400,CALPINE,717 TEXAS AVENUE,NOT AVAILABLE,HOUSTON,TX,77002,HARRIS,2372,6716,29.7614,-95.36438,ADDRESS,48201,92
-95.368,29.75714,183,183,362,CENTERPOINT ENERGY,1111 LOUISIANA STREET,NOT AVAILABLE,HOUSTON,TX,77002,HARRIS,7727,7528,29.75714,-95.368,ADDRESS,48201,432
-95.36883,29.75765,184,184,122,ENTERPRISE PRODUCTS PARTNERS,1100 LOUISIANA STREET,NOT AVAILABLE,HOUSTON,TX,77002,HARRIS,6800,23022,29.75765,-95.36883,ADDRESS,48201,2513.1
-95.37054,29.75867,185,185,356,EOG RESOURCES,1111 BABGY STREET,LOBBY 2,HOUSTON,TX,77002,HARRIS,2650,7651,29.75867,-95.37054,ADDRESS,48201,-1096.7
-95.36738,29.75788,186,186,215,KINDER MORGAN,1001 LOUISIANA STREET,NOT AVAILABLE,HOUSTON,TX,77002,HARRIS,11121,13058,29.75788,-95.36738,ADDRESS,48201,708
-117.87727,33.619382,187,187,302,PACIFIC LIFE,700 NEWPORT CENTER DRIVE,NOT AVAILABLE,NEWPORT BEACH,CA,92660,ORANGE,3628,9169,33.619382,-117.87727,ON-ENTITY,6201,824
-95.37175,29.75729,188,188,141,PLAINS GP HOLDINGS,333 CLAY STREET,SUITE 1600,HOUSTON,TX,77002,HARRIS,5100,20182,29.75729,-95.37175,ADDRESS,48201,94
-95.3684,29.75849,189,189,402,TARGA RESOURCES,1000 LOUISIANA STREET,SUITE 4300,HOUSTON,TX,77002,HARRIS,1970,6691,29.75849,-95.3684,ADDRESS,48201,-187.3
-95.36391,29.75579,190,190,201,WASTE MANAGEMENT,1001 FANNIN STREET,NOT AVAILABLE,HOUSTON,TX,77002,HARRIS,41200,13609,29.75579,-95.36391,ADDRESS,48201,1182
-95.3959,29.76129,191,191,285,BAKER HUGHES,2929 ALLEN PARKWAY,NOT AVAILABLE,HOUSTON,TX,77019,HARRIS,33000,9841,29.76129,-95.3959,ADDRESS,48201,-2738
-95.54393,29.77744,192,192,261,GROUP 1 AUTOMOTIVE,800 GESSNER ROAD,NOT AVAILABLE,HOUSTON,TX,77024,HARRIS,13500,10888,29.77744,-95.54393,ADDRESS,48201,147.1
-95.34107,29.9364,193,193,173,HALLIBURTON,3000 NORTH SAM HOUSTON PARKWAY EAST,NOT AVAILABLE,HOUSTON,TX,77032,HARRIS,50000,15887,29.9364,-95.34107,ADDRESS,48201,-5763
-95.5543,29.69082,194,194,375,NATIONAL OILWELL VARCO,7909 PARKWOOD CIRCLE DRIVE,NOT AVAILABLE,HOUSTON,TX,77036,HARRIS,36384,7251,29.69082,-95.5543,ADDRESS,48201,-2412
-95.560908,29.740913,195,195,34,PHILLIPS 66,2331 CITYWEST BOULEVARD,NOT AVAILABLE,HOUSTON,TX,77042,HARRIS,14800,72396,29.740913,-95.560908,ON-ENTITY,48201,1555
-95.46266,29.74464,196,196,488,APACHE,2000 POST OAK BOULEVARD,NOT AVAILABLE,HOUSTON,TX,77056,HARRIS,3727,5354,29.74464,-95.46266,ADDRESS,48201,-1405
-95.46125,29.73599,197,197,355,QUANTA SERVICES,2800 POST OAK BOULEVARD,SUITE 2600,HOUSTON,TX,77056,HARRIS,28100,7651,29.73599,-95.46125,ADDRESS,48201,198.4
-95.62004,29.75826,198,198,57,SYSCO,1390 ENCLAVE PARKWAY,NOT AVAILABLE,HOUSTON,TX,77077,HARRIS,51900,50367,29.75826,-95.62004,ADDRESS,48201,949.6
-95.61758,29.78758,199,199,115,CONOCOPHILLIPS,600 NORTH DAIRY ASHFORD STREET,NOT AVAILABLE,HOUSTON,TX,77079,HARRIS,13300,24360,29.78758,-95.61758,ADDRESS,48201,-3615
-72.73874,41.81703,200,200,70,CIGNA,900 COTTAGE GROVE ROAD,NOT AVAILABLE,BLOOMFIELD,CT,6002,HARTFORD,41000,39668,41.81703,-72.73874,ADDRESS,9003,1867
-72.80698,41.69301,201,201,250,STANLEY BLACK & DECKER,1000 STANLEY DRIVE,NOT AVAILABLE,NEW BRITAIN,CT,6053,HARTFORD,54023,11407,41.69301,-72.80698,ADDRESS,9003,965.3
-72.803224,41.708447,202,202,50,UNITED TECHNOLOGIES,10 FARM SPRINGS ROAD,NOT AVAILABLE,FARMINGTON,CT,6032,HARTFORD,201600,57244,41.708447,-72.803224,ON-ENTITY,9003,5055
-72.68879,41.77241,203,203,153,HARTFORD FINANCIAL SERVICES GROUP,1 HARTFORD PLAZA,NOT AVAILABLE,HARTFORD,CT,6155,HARTFORD,16900,18300,41.77241,-72.68879,ADDRESS,9003,896
-72.69221,41.76776,204,204,43,AETNA,151 FARMINGTON AVENUE,NOT AVAILABLE,HARTFORD,CT,6156,HARTFORD,49500,63155,41.76776,-72.69221,ADDRESS,9003,2271
-93.40318,44.89756,205,205,6,UNITEDHEALTH GROUP,9900 BREN ROAD EAST,NOT AVAILABLE,MINNETONKA,MN,55343,HENNEPIN,230000,184840,44.89756,-93.40318,ADDRESS,27053,7017
-93.41186,44.875,206,206,158,SUPERVALU,7075 FLYING CLOUD DRIVE,NOT AVAILABLE,EDEN PRAIRIE,MN,55344,HENNEPIN,38000,17529,44.875,-93.41186,ADDRESS,27053,178
-93.46055,44.82112,207,207,212,C.H. ROBINSON WORLDWIDE,14701 CHARLSON ROAD,NOT AVAILABLE,EDEN PRAIRIE,MN,55347,HENNEPIN,14125,13144,44.82112,-93.46055,ADDRESS,27053,513.4
-93.27008,44.97975,208,208,256,XCEL ENERGY,414 NICOLLET MALL,NOT AVAILABLE,MINNEAPOLIS,MN,55401,HENNEPIN,11476,11107,44.97975,-93.27008,ADDRESS,27053,1123.4
-93.27387,44.97559,209,209,125,U.S. BANCORP,800 NICOLLET MALL,SUITE 1500,MINNEAPOLIS,MN,55402,HENNEPIN,71191,22744,44.97559,-93.27387,ADDRESS,27053,5888
-93.27563,44.97396,210,210,38,TARGET,1000 NICOLLET MALL,NOT AVAILABLE,MINNEAPOLIS,MN,55403,HENNEPIN,323000,69495,44.97396,-93.27563,ADDRESS,27053,2737
-93.26568,44.97476,211,211,316,THRIVENT FINANCIAL FOR LUTHERANS,625 4TH AVENUE SOUTH,NOT AVAILABLE,MINNEAPOLIS,MN,55415,HENNEPIN,3282,8777,44.97476,-93.26568,ADDRESS,27053,587.8
-93.30542,44.86392,212,212,72,BEST BUY,7601 PENN AVENUE SOUTH,NOT AVAILABLE,RICHFIELD,MN,55423,HENNEPIN,125000,39403,44.86392,-93.30542,ADDRESS,27053,1228
-93.39559,44.977,213,213,165,GENERAL MILLS,1 GENERAL MILLS BOULEVARD,NOT AVAILABLE,MINNEAPOLIS,MN,55426,HENNEPIN,39000,16563,44.977,-93.39559,ADDRESS,27053,1697.4
-93.45487,45.01507,214,214,377,MOSAIC,3033 CAMPUS DRIVE,SUITE E490,PLYMOUTH,MN,55441,HENNEPIN,8700,7163,45.01507,-93.45487,ADDRESS,27053,297.8
-77.57726,37.66219,215,215,460,MARKEL,4521 HIGHWOODS PARKWAY,NOT AVAILABLE,GLEN ALLEN,VA,23060,HENRICO,10900,5612,37.66219,-77.57726,ADDRESS,51087,455.7
-77.64471,37.60589,216,216,171,PERFORMANCE FOOD GROUP,12500 WEST CREEK PARKWAY,NOT AVAILABLE,RICHMOND,VA,23238,HENRICO,13000,16105,37.60589,-77.64471,ADDRESS,51087,68.3
-77.51729,37.60024,217,217,148,ALTRIA GROUP,6601 WEST BROAD STREET,NOT AVAILABLE,RICHMOND,VA,23230,HENRICO,8300,19337,37.60024,-77.51729,ADDRESS,51087,14239
-77.51499,37.60245,218,218,329,GENWORTH FINANCIAL,6620 WEST BROAD STREET,NOT AVAILABLE,RICHMOND,VA,23230,HENRICO,3400,8369,37.60245,-77.51499,ADDRESS,51087,-277
-82.54968,28.03336,219,219,195,WELLCARE HEALTH PLANS,8725 HENDERSON ROAD,NOT AVAILABLE,TAMPA,FL,33634,HILLSBOROUGH,7400,14237,28.03336,-82.54968,ADDRESS,12057,242.1
-74.272687,40.677334,220,220,69,MERCK,2000 GALLOPING HILL ROAD,NOT AVAILABLE,KENILWORTH,NJ,7033,UNION,68000,39807,40.677334,-74.272687,ON-ENTITY,34019,3920
-80.85421,35.54119,221,221,40,LOWE'S,1000 LOWE'S BOULEVARD,NOT AVAILABLE,MOORESVILLE,NC,28117,IREDELL,240000,65017,35.54119,-80.85421,ADDRESS,37097,3093
-84.40253,42.2466,222,222,419,CMS ENERGY,1 ENERGY PLAZA,NOT AVAILABLE,JACKSON,MI,49201,JACKSON,7750,6399,42.2466,-84.40253,ADDRESS,26075,551
-122.87228,42.32845,223,223,318,LITHIA MOTORS,150 NORTH BARTLETT STREET,NOT AVAILABLE,MEDFORD,OR,97501,JACKSON,11170,8678,42.32845,-122.87228,ADDRESS,41029,197.1
-86.80907,33.51806,224,224,436,REGIONS FINANCIAL,1900 5TH AVENUE NORTH,NOT AVAILABLE,BIRMINGHAM,AL,35203,JEFFERSON,22166,5967,33.51806,-86.80907,ADDRESS,1073,1163
-85.75889,38.25647,225,225,53,HUMANA,500 WEST MAIN STREET,NOT AVAILABLE,LOUISVILLE,KY,40202,JEFFERSON,51600,54379,38.25647,-85.75889,ADDRESS,21111,614
-85.75849,38.2466,226,226,376,KINDRED HEALTHCARE,680 SOUTH 4TH STREET,NOT AVAILABLE,LOUISVILLE,KY,40202,JEFFERSON,76650,7227,38.2466,-85.75849,ADDRESS,21111,-664.2
-85.6949,38.19863,227,227,422,YUM BRANDS,1441 GARDINER LANE,NOT AVAILABLE,LOUISVILLE,KY,40213,JEFFERSON,90000,6366,38.19863,-85.6949,ADDRESS,21111,1619
-94.69096,39.00816,228,228,486,SEABOARD,9000 WEST 67TH STREET,NOT AVAILABLE,SHAWNEE MISSION,KS,66202,JOHNSON,11781,5379,39.00816,-94.69096,ADDRESS,20091,312
-85.55651,42.24191,229,229,252,STRYKER,2825 AIRVIEW BOULEVARD,NOT AVAILABLE,KALAMAZOO,MI,49002,KALAMAZOO,33000,11325,42.24191,-85.55651,ADDRESS,26077,1647
-122.332633,47.600473,230,230,341,WEYERHAEUSER,220 OCCIDENTAL AVENUE SOUTH,NOT AVAILABLE,SEATTLE,WA,98104,KING,10400,7902,47.600473,-122.332633,ON-ENTITY,53033,1027
-122.19701,47.6134,231,231,317,EXPEDIA,333 108TH AVENUE NE,NOT AVAILABLE,BELLEVUE,WA,98004,KING,20075,8774,47.6134,-122.19701,ADDRESS,53033,281.8
-122.19966,47.61655,232,232,164,PACCAR,777 106TH AVENUE NE,NOT AVAILABLE,BELLEVUE,WA,98004,KING,23000,17033,47.61655,-122.19966,ADDRESS,53033,521.7
-122.05035,47.54779,233,233,16,COSTCO,999 LAKE DRIVE,NOT AVAILABLE,ISSAQUAH,WA,98027,KING,172000,118719,47.54779,-122.05035,ADDRESS,53033,2350
-122.1298,47.64005,234,234,28,MICROSOFT,1 MICROSOFT WAY,NOT AVAILABLE,REDMOND,WA,98052,KING,114000,85320,47.64005,-122.1298,ADDRESS,53033,16798
-122.33591,47.61242,235,235,188,NORDSTROM,1617 6TH AVENUE,NOT AVAILABLE,SEATTLE,WA,98101,KING,72500,14757,47.61242,-122.33591,ADDRESS,53033,354
-122.33459,47.60578,236,236,429,EXPEDITORS INTERNATIONAL OF WASHINGTON,1015 3RD AVENUE,NOT AVAILABLE,SEATTLE,WA,98104,KING,16000,6098,47.60578,-122.33459,ADDRESS,53033,430.8
-122.33676,47.62226,237,237,12,AMAZON.COM,410 TERRY AVENUE NORTH,NOT AVAILABLE,SEATTLE,WA,98109,KING,341400,135987,47.62226,-122.33676,ADDRESS,53033,2371
-122.33534,47.58181,238,238,131,STARBUCKS,2401 UTAH AVENUE SOUTH,NOT AVAILABLE,SEATTLE,WA,98134,KING,254000,21316,47.58181,-122.33534,ADDRESS,53033,2817.7
-122.29366,47.42906,239,239,438,ALASKA AIR GROUP,19300 INTERNATIONAL BOULEVARD,NOT AVAILABLE,SEATTLE,WA,98188,KING,19112,5931,47.42906,-122.29366,ADDRESS,53033,814
-73.97913,40.75559,240,240,500,ABM INDUSTRIES,551 5TH AVENUE,SUITE 300,NEW YORK,NY,10176,KINGS,110000,5145,40.75559,-73.97913,ADDRESS,36047,57.2
-85.85409,41.23959,241,241,352,ZIMMER BIOMET HOLDINGS,345 EAST MAIN STREET,NOT AVAILABLE,WARSAW,IN,46580,KOSCIUSKO,18500,7684,41.23959,-85.85409,ADDRESS,18085,305.9
-92.97162,43.67467,242,242,295,HORMEL FOODS,1 HORMEL PLACE,NOT AVAILABLE,AUSTIN,MN,55912,LAKE,21100,9523,43.67467,-92.97162,ADDRESS,27097,890.1
-87.88061,42.1599,243,243,281,BAXTER INTERNATIONAL,1 BAXTER PARKWAY,NOT AVAILABLE,DEERFIELD,IL,60015,LAKE,48000,10163,42.1599,-87.88061,ADDRESS,17097,4965
-87.88834,42.15495,244,244,277,DISCOVER FINANCIAL SERVICES,2500 LAKE COOK ROAD,NOT AVAILABLE,RIVERWOODS,IL,60015,LAKE,15549,10497,42.15495,-87.88834,ADDRESS,17097,2393
-87.87666,42.16412,245,245,487,ESSENDANT,1 PARKWAY NORTH BOULEVARD,SUITE 100,DEERFIELD,IL,60015,LAKE,6600,5369,42.16412,-87.87666,ADDRESS,17097,63.9
-87.87935,42.16287,246,246,109,MONDELEZ INTERNATIONAL,3 PARKWAY NORTH,SUITE 300,DEERFIELD,IL,60015,LAKE,90000,25923,42.16287,-87.87935,ADDRESS,17097,1659
-87.86746,42.1552,247,247,17,WALGREENS BOOTS ALLIANCE,108 WILMOT ROAD,NOT AVAILABLE,DEERFIELD,IL,60015,LAKE,300000,117351,42.1552,-87.86746,ADDRESS,17097,4173
-87.89465,42.24325,248,248,450,PACKAGING CORP. OF AMERICA,1955 WEST FIELD COURT,NOT AVAILABLE,LAKE FOREST,IL,60045,LAKE,14000,5779,42.24325,-87.89465,ADDRESS,17097,449.6
-87.89968,42.24862,249,249,322,TENNECO,500 NORTH FIELD DRIVE,NOT AVAILABLE,LAKE FOREST,IL,60045,LAKE,31000,8599,42.24862,-87.89968,ADDRESS,17097,363
-87.91151,42.23856,250,250,282,W.W. GRAINGER,100 GRAINGER PARKWAY,NOT AVAILABLE,LAKE FOREST,IL,60045,LAKE,25000,10137,42.23856,-87.91151,ADDRESS,17097,605.9
-87.94421,42.22831,251,251,199,CDW,200 NORTH MILWAUKEE AVENUE,NOT AVAILABLE,VERNON HILLS,IL,60061,LAKE,8516,13982,42.22831,-87.94421,ADDRESS,17097,424.4
-81.80972,26.41844,252,252,296,HERTZ GLOBAL HOLDINGS,8501 WILLIAMS ROAD,NOT AVAILABLE,ESTERO,FL,33928,LEE,36000,9480,26.41844,-81.80972,ADDRESS,12071,-491
-75.47591,40.60152,253,253,365,PPL,2 NORTH 9TH STREET,NOT AVAILABLE,ALLENTOWN,PA,18101,LEHIGH,12689,7517,40.60152,-75.47591,ADDRESS,42077,1902
-75.59747,40.55074,254,254,294,AIR PRODUCTS & CHEMICALS,7201 HAMILTON BOULEVARD,NOT AVAILABLE,ALLENTOWN,PA,18195,LEHIGH,18450,9524,40.55074,-75.59747,ADDRESS,42077,631.1
-91.64372,42.03147,255,255,492,ROCKWELL COLLINS,400 COLLINS ROAD NE,NOT AVAILABLE,CEDAR RAPIDS,IA,52498,LINN,19000,5259,42.03147,-91.64372,ADDRESS,19113,728
-118.48518,34.00131,256,256,135,ABBOTT LABORATORIES,100 ABBOTT PARK ROAD,NOT AVAILABLE,SANTA MONICA,CA,90401,LOS ANGELES,75000,20853,34.00131,-118.48518,ADDRESS,6037,1400
-118.602327,34.185167,257,257,222,FARMERS INSURANCE EXCHANGE,6303 OWENSMOUTH AVENUE,NOT AVAILABLE,LOS ANGELES,CA,90010,LOS ANGELES,13309,12513,34.185167,-118.602327,ON-ENTITY,6037,-147.9
-118.44365,34.05937,258,258,278,OCCIDENTAL PETROLEUM,10889 WILSHIRE BOULEVARD,NOT AVAILABLE,LOS ANGELES,CA,90024,LOS ANGELES,11000,10398,34.05937,-118.44365,ADDRESS,6037,-574
-118.416831,34.058754,259,259,161,AECOM,1999 AVENUE OF THE STARS,SUITE 2600,LOS ANGELES,CA,90067,LOS ANGELES,87000,17411,34.058754,-118.416831,ON-ENTITY,6037,96.1
-118.25348,34.05154,260,260,214,CBRE GROUP,400 SOUTH HOPE STREET,SUITE 25,LOS ANGELES,CA,90071,LOS ANGELES,75000,13072,34.05154,-118.25348,ADDRESS,6037,572
-118.25138,34.05166,261,261,320,RELIANCE STEEL & ALUMINUM,350 SOUTH GRAND AVENUE,SUITE 5100,LOS ANGELES,CA,90071,LOS ANGELES,14500,8613,34.05166,-118.25138,ADDRESS,6037,304.3
-118.39846,34.07423,262,262,330,LIVE NATION ENTERTAINMENT,9348 CIVIC CENTER DRIVE,NOT AVAILABLE,BEVERLY HILLS,CA,90210,LOS ANGELES,11500,8355,34.07423,-118.39846,ADDRESS,6037,2.9
-118.39185,33.9203,263,263,474,MATTEL,333 CONTINENTAL BOULEVARD,NOT AVAILABLE,EL SEGUNDO,CA,90245,LOS ANGELES,32000,5457,33.9203,-118.39185,ADDRESS,6037,318
-118.45255,34.01978,264,264,406,ACTIVISION BLIZZARD,3100 OCEAN PARK BOULEVARD,NOT AVAILABLE,SANTA MONICA,CA,90405,LOS ANGELES,9500,6608,34.01978,-118.45255,ADDRESS,6037,966
-118.20027,33.7666,265,265,156,MOLINA HEALTHCARE,200 OCEANGATE,NOT AVAILABLE,LONG BEACH,CA,90802,LOS ANGELES,21000,17782,33.7666,-118.20027,ADDRESS,6037,52
-96.797508,32.784595,266,266,259,JACOBS ENGINEERING GROUP,1999 BRYAN STREET,SUITE 1200,DALLAS,TX,75201,DALLAS COUNTY,49350,10964,32.784595,-96.797508,ON-ENTITY,48037,210.5
-118.25654,34.15706,267,267,430,AVERY DENNISON,207 GOODE AVENUE,NOT AVAILABLE,GLENDALE,CA,91203,LOS ANGELES,25000,6087,34.15706,-118.25654,ADDRESS,6037,320.7
-118.32503,34.15687,268,268,52,DISNEY,500 SOUTH BUENA VISTA STREET,NOT AVAILABLE,BURBANK,CA,91521,LOS ANGELES,195000,55632,34.15687,-118.32503,ADDRESS,6037,9391
-118.08024,34.05394,269,269,235,EDISON INTERNATIONAL,2244 WALNUT GROVE AVENUE,NOT AVAILABLE,ROSEMEAD,CA,91770,LOS ANGELES,12390,11869,34.05394,-118.08024,ADDRESS,6037,1311
-83.69383,41.5677,270,270,447,DANA HOLDING,3939 TECHNOLOGY DRIVE,NOT AVAILABLE,MAUMEE,OH,43537,LUCAS,24900,5826,41.5677,-83.69383,ADDRESS,39095,640
-83.53444,41.64625,271,271,458,OWENS CORNING,1 OWENS CORNING PARKWAY,NOT AVAILABLE,TOLEDO,OH,43659,LUCAS,16000,5677,41.64625,-83.53444,ADDRESS,39095,393
-88.88608,39.86725,272,272,45,ARCHER DANIELS MIDLAND,4666 FARIES PARKWAY,NOT AVAILABLE,DECATUR,IL,62526,MACON,31800,62346,39.86725,-88.88608,ADDRESS,17115,1279
-112.07317,33.45174,273,273,175,FREEPORT-MCMORAN,333 NORTH CENTRAL AVENUE,NOT AVAILABLE,PHOENIX,AZ,85004,MARICOPA,30000,15789,33.45174,-112.07317,ADDRESS,4013,-4154
-111.97988,33.42748,274,274,108,AVNET,2211 SOUTH 47TH STREET,NOT AVAILABLE,PHOENIX,AZ,85034,MARICOPA,17700,26219,33.42748,-111.97988,ADDRESS,4013,506.5
-111.93085,33.65417,275,275,299,REPUBLIC SERVICES,18500 NORTH ALLIED WAY,SUITE 100,PHOENIX,AZ,85054,MARICOPA,33000,9388,33.65417,-111.93085,ADDRESS,4013,612.6
-111.96819,33.35718,276,276,473,INSIGHT ENTERPRISES,6820 SOUTH HARL AVENUE,NOT AVAILABLE,TEMPE,AZ,85283,MARICOPA,5930,5486,33.35718,-111.96819,ADDRESS,4013,84.7
-86.1623,39.76681,277,277,477,SIMON PROPERTY GROUP,225 WEST WASHINGTON STREET,NOT AVAILABLE,INDIANAPOLIS,IN,46204,MARION,4050,5435,39.76681,-86.1623,ADDRESS,18097,1838.9
-86.15881,39.76913,278,278,29,ANTHEM,120 MONUMENT CIRCLE,NOT AVAILABLE,INDIANAPOLIS,IN,46204,MARION,53000,84863,39.76913,-86.15881,ADDRESS,18097,2469.8
-86.15487,39.75545,279,279,132,ELI LILLY,893 SOUTH DELAWARE STREET,NOT AVAILABLE,INDIANAPOLIS,IN,46285,MARION,41975,21222,39.75545,-86.15487,ADDRESS,18097,2737.6
-88.95483,40.47689,280,280,33,STATE FARM INSURANCE COS.,1 STATE FARM PLAZA,NOT AVAILABLE,BLOOMINGTON,IL,61710,MCLEAN,68234,76132,40.47689,-88.95483,ADDRESS,17113,350.3
-80.8481,35.22391,281,281,121,DUKE ENERGY,550 SOUTH TRYON STREET,NOT AVAILABLE,CHARLOTTE,NC,28202,MECKLENBURG,28798,23369,35.22391,-80.8481,ADDRESS,37119,2152
-80.83467,35.15941,282,282,169,NUCOR,1915 REXFORD ROAD,NOT AVAILABLE,CHARLOTTE,NC,28211,MECKLENBURG,23900,16208,35.15941,-80.83467,ADDRESS,37119,796.3
-80.79705,35.17689,283,283,287,SONIC AUTOMOTIVE,4401 COLWICK ROAD,NOT AVAILABLE,CHARLOTTE,NC,28211,MECKLENBURG,9800,9732,35.17689,-80.79705,ADDRESS,37119,93.2
-80.84207,35.22704,284,284,26,BANK OF AMERICA CORP.,100 NORTH TRYON STREET,NOT AVAILABLE,CHARLOTTE,NC,28255,MECKLENBURG,208024,93662,35.22704,-80.84207,ADDRESS,37119,17906
-74.655125,40.319335,285,285,229,NRG ENERGY,804 CARNEGIE CENTER,NOT AVAILABLE,PRINCETON,NJ,8540,MERCER,8763,12351,40.319335,-74.655125,ON-ENTITY,34021,-774
-80.36969,25.77582,286,286,260,LENNAR,700 NW 107TH AVENUE,NOT AVAILABLE,MIAMI,FL,33172,MIAMI-DADE,8335,10950,25.77582,-80.36969,ADDRESS,12086,911.8
-80.38533,25.86816,287,287,394,RYDER SYSTEM,11690 NW 105TH STREET,NOT AVAILABLE,MIAMI,FL,33178,MIAMI-DADE,34500,6787,25.86816,-80.38533,ADDRESS,12086,262.5
-80.35481,25.81058,288,288,103,WORLD FUEL SERVICES,9800 NW 41ST STREET,NOT AVAILABLE,MIAMI,FL,33178,MIAMI-DADE,5000,27016,25.81058,-80.35481,ADDRESS,12086,126.5
-71.38258,42.30874,289,289,87,TJX,770 COCHITUATE ROAD,NOT AVAILABLE,FRAMINGHAM,MA,1701,MIDDLESEX,235000,33184,42.30874,-71.38258,ADDRESS,25017,2298.2
-71.4901,42.29132,290,290,140,STAPLES,500 STAPLES DRIVE,NOT AVAILABLE,FRAMINGHAM,MA,1702,MIDDLESEX,61503,20217,42.29132,-71.4901,ADDRESS,25017,-1497
-71.55768,42.36118,291,291,327,BOSTON SCIENTIFIC,1 BOSTON SCIENTIFIC PLACE,NOT AVAILABLE,NATICK,MA,1760,MIDDLESEX,27000,8386,42.36118,-71.55768,ADDRESS,25017,347
-71.08516,42.36644,292,292,248,BIOGEN,225 BINNEY STREET,NOT AVAILABLE,CAMBRIDGE,MA,2142,MIDDLESEX,7400,11449,42.36644,-71.08516,ADDRESS,25017,3702.8
-71.27939,42.40632,293,293,116,RAYTHEON,870 WINTER STREET,NOT AVAILABLE,WALTHAM,MA,2451,MIDDLESEX,63000,24069,42.40632,-71.27939,ADDRESS,25017,2211
-71.25811,42.399867,294,294,154,THERMO FISHER SCIENTIFIC,168 3RD AVENUE,NOT AVAILABLE,WALTHAM,MA,2451,MIDDLESEX,54800,18274,42.399867,-71.25811,ON-ENTITY,25017,2021.8
-71.26202,42.35475,295,295,334,GLOBAL PARTNERS,800 SOUTH STREET,SUITE 500,WALTHAM,MA,2453,MIDDLESEX,1770,8240,42.35475,-71.26202,ADDRESS,25017,-199.4
-84.01462,43.43742,296,296,62,DOW CHEMICAL,2030 DOW CENTER,NOT AVAILABLE,MIDLAND,MI,48674,MIDLAND,56000,48158,43.43742,-84.01462,ADDRESS,26111,4318
-87.91382,43.03701,297,297,368,WEC ENERGY GROUP,231 WEST MICHIGAN STREET,NOT AVAILABLE,MILWAUKEE,WI,53203,MILWAUKEE,8074,7472,43.03701,-87.91382,ADDRESS,55079,939
-87.90223,43.03961,298,298,97,NORTHWESTERN MUTUAL,720 EAST WISCONSIN AVENUE,NOT AVAILABLE,MILWAUKEE,WI,53202,MILWAUKEE,5646,28799,43.03961,-87.90223,ADDRESS,55079,818
-87.91331,43.01807,299,299,442,ROCKWELL AUTOMATION,1201 SOUTH 2ND STREET,NOT AVAILABLE,MILWAUKEE,WI,53204,MILWAUKEE,22000,5880,43.01807,-87.91331,ADDRESS,55079,729.7
-87.96181,43.04561,300,300,435,HARLEY-DAVIDSON,3700 WEST JUNEAU AVENUE,NOT AVAILABLE,MILWAUKEE,WI,53208,MILWAUKEE,6000,5997,43.04561,-87.96181,ADDRESS,55079,692.2
-87.91236,43.0493,301,301,146,MANPOWERGROUP,100 MANPOWER PLACE,NOT AVAILABLE,MILWAUKEE,WI,53212,MILWAUKEE,28000,19654,43.0493,-87.91236,ADDRESS,55079,443.7
-77.45625,43.0398,302,302,408,CONSTELLATION BRANDS,370 WOODCLIFF DRIVE,SUITE 300,FAIRPORT,NY,14450,MONROE,9000,6548,43.0398,-77.45625,ADDRESS,36055,1054.9
-75.1359,40.17486,303,303,497,TOLL BROTHERS,250 GIBRALTAR ROAD,NOT AVAILABLE,HORSHAM,PA,19044,MONTGOMERY,4200,5170,40.17486,-75.1359,ADDRESS,42091,382.1
-75.40659,40.08857,304,304,457,UGI,460 NORTH GULPH ROAD,NOT AVAILABLE,KING OF PRUSSIA,PA,19406,MONTGOMERY,13105,5686,40.08857,-75.40659,ADDRESS,42091,364.7
-75.3696,40.07846,305,305,276,UNIVERSAL HEALTH SERVICES,367 SOUTH GULPH ROAD,NOT AVAILABLE,KING OF PRUSSIA,PA,19406,MONTGOMERY,70863,10508,40.07846,-75.3696,ADDRESS,42091,702.4
-77.1391,39.02808,306,306,472,HOST HOTELS & RESORTS,6903 ROCKLEDGE DRIVE,SUITE 1500,BETHESDA,MD,20817,MONTGOMERY,220000,5488,39.02808,-77.1391,ADDRESS,24031,762
-77.13895,39.031,307,307,56,LOCKHEED MARTIN,6801 ROCKLEDGE DRIVE,NOT AVAILABLE,BETHESDA,MD,20817,MONTGOMERY,97000,50658,39.031,-77.13895,ADDRESS,24031,5302
-77.13904,39.02452,308,308,163,MARRIOTT INTERNATIONAL,10400 FERNWOOD ROAD,NOT AVAILABLE,BETHESDA,MD,20817,MONTGOMERY,226500,17072,39.02452,-77.13904,ADDRESS,24031,780
-77.02808,38.99502,309,309,412,DISCOVERY COMMUNICATIONS,1 DISCOVERY PLACE,NOT AVAILABLE,SILVER SPRING,MD,20910,MONTGOMERY,7000,6497,38.99502,-77.02808,ADDRESS,24031,1194
-95.4541,30.16059,310,310,344,ANADARKO PETROLEUM,1201 LAKE ROBBINS DRIVE,NOT AVAILABLE,THE WOODLANDS,TX,77380,MONTGOMERY,4500,7869,30.16059,-95.4541,ADDRESS,48339,-3071
-74.44997,40.84933,311,311,319,AVIS BUDGET GROUP,6 SYLVAN WAY,NOT AVAILABLE,PARSIPPANY,NJ,7054,MORRIS,25600,8659,40.84933,-74.44997,ADDRESS,34027,163
-74.45694,40.84762,312,312,172,PBF ENERGY,1 SYLVAN WAY,SUITE 2,PARSIPPANY,NJ,7054,MORRIS,3165,15920,40.84762,-74.45694,ADDRESS,34027,170.8
-74.44784,40.84681,313,313,461,WYNDHAM WORLDWIDE,22 SYLVAN WAY,NOT AVAILABLE,PARSIPPANY,NJ,7054,MORRIS,37800,5599,40.84681,-74.44784,ADDRESS,34027,611
-74.04493,40.787834,314,314,366,QUEST DIAGNOSTICS,500 PLAZA DRIVE,NOT AVAILABLE,SECAUCUS,NJ,7094,HUDSON,43000,7515,40.787834,-74.04493,ON-ENTITY,34027,645
-74.42197,40.77162,315,315,448,REALOGY HOLDINGS,175 PARK AVENUE,NOT AVAILABLE,MADISON,NJ,7940,MORRIS,11800,5810,40.77162,-74.42197,ADDRESS,34027,213
-74.44436,40.79199,316,316,73,HONEYWELL INTERNATIONAL,101 COLUMBIA ROAD,NOT AVAILABLE,MORRIS TOWNSHIP,NJ,7962,MORRIS,131000,39302,40.79199,-74.44436,ADDRESS,34027,4809
-84.96455,32.46836,317,317,126,AFLAC,1932 WYNNTON ROAD,NOT AVAILABLE,COLUMBUS,GA,31999,MUSCOGEE,10212,22559,32.46836,-84.96455,ADDRESS,13215,2659
-73.4179,40.76804,318,318,243,HENRY SCHEIN,135 DURYEA ROAD,NOT AVAILABLE,MELVILLE,NY,11747,NASSAU,21000,11572,40.76804,-73.4179,ADDRESS,36059,506.8
-75.54817,39.74627,319,319,113,DUPONT,1007 MARKET STREET,NOT AVAILABLE,WILMINGTON,DE,19898,NEW CASTLE,46000,24594,39.74627,-75.54817,ADDRESS,10003,2513
-75.54817,39.74627,320,320,482,CHEMOURS,1007 MARKET STREET,NOT AVAILABLE,WILMINGTON,DE,19899,NEW CASTLE,7000,5400,39.74627,-75.54817,ADDRESS,10003,7
-72.83263,41.45986,321,321,424,AMPHENOL,358 HALL AVENUE,NOT AVAILABLE,WALLINGFORD,CT,6492,NEW HAVEN,62000,6286,41.45986,-72.83263,ADDRESS,9009,822.9
-73.97416,40.7601,322,322,262,LEUCADIA NATIONAL,520 MADISON AVENUE,NOT AVAILABLE,NEW YORK,NY,10022,NEW YORK,13000,10875,40.7601,-73.97416,ADDRESS,36061,130
-74.00914,40.7032,323,323,459,S&P GLOBAL,55 WATER STREET,NOT AVAILABLE,NEW YORK,NY,10041,NEW YORK,20000,5661,40.7032,-74.00914,ADDRESS,36061,2106
-73.98852,40.73403,324,324,234,CONSOLIDATED EDISON,4 IRVING PLACE,NOT AVAILABLE,NEW YORK,NY,10003,NEW YORK,14960,12075,40.73403,-73.98852,ADDRESS,36061,1245
-74.00964,40.70403,325,325,218,GUARDIAN LIFE INS. CO. OF AMERICA,7 HANOVER SQUARE,NOT AVAILABLE,NEW YORK,NY,10004,NEW YORK,8876,12919,40.70403,-74.00964,ADDRESS,36061,263.9
-74.00935,40.70809,326,326,361,ASSURANT,1 CHASE MANHATTAN PLAZA,NOT AVAILABLE,NEW YORK,NY,10005,NEW YORK,14700,7532,40.70809,-74.00935,ADDRESS,36061,565.4
-73.984931,40.754677,327,327,14,VERIZON COMMUNICATIONS,1095 AVENUE OF THE AMERICAS,NOT AVAILABLE,NEW YORK,NY,10036,NEW YORK,160900,125980,40.754677,-73.984931,ON-ENTITY,36061,13127
-73.98606,40.74324,328,328,65,NEW YORK LIFE INSURANCE,51 MADISON AVENUE,NOT AVAILABLE,NEW YORK,NY,10010,NEW YORK,11320,40787,40.74324,-73.98606,ADDRESS,36061,1088.1
-73.97595,40.74935,329,329,273,L-3 COMMUNICATIONS,600 3RD AVENUE,NOT AVAILABLE,NEW YORK,NY,10016,NEW YORK,38000,10597,40.74935,-73.97595,ADDRESS,36061,710
-73.98239,40.7488,330,330,335,PVH,200 MADISON AVENUE,NOT AVAILABLE,NEW YORK,NY,10016,NEW YORK,26650,8203,40.7488,-73.98239,ADDRESS,36061,549
-74.010868,40.710025,331,331,444,AVON PRODUCTS,165 BROADWAY,ONE LIBERTY PLAZA,NEW YORK,NY,10006,NEW YORK,26400,5853,40.710025,-74.010868,ON-ENTITY,36061,-107.6
-73.973738,40.752557,332,332,189,INTL FCSTONE,708 3RD AVENUE,15TH FLOOR,NEW YORK,NY,10017,NEW YORK,1464,14755,40.752557,-73.973738,ON-ENTITY,36061,54.7
-73.97599,40.75598,333,333,21,J.P. MORGAN CHASE,270 PARK AVENUE,NOT AVAILABLE,NEW YORK,NY,10017,NEW YORK,243355,105486,40.75598,-73.97599,ADDRESS,36061,24733
-73.97252,40.75039,334,334,54,PFIZER,235 EAST 42ND STREET,NOT AVAILABLE,NEW YORK,NY,10017,NEW YORK,96500,52824,40.75039,-73.97252,ADDRESS,36061,7215
-73.97843,40.75168,335,335,104,PHILIP MORRIS INTERNATIONAL,120 PARK AVENUE,NOT AVAILABLE,NEW YORK,NY,10017,NEW YORK,79500,26685,40.75168,-73.97843,ADDRESS,36061,6967
-73.97332,40.75318,336,336,80,TIAA,730 3RD AVENUE,SUITE 2A,NEW YORK,NY,10017,NEW YORK,12997,37105,40.75318,-73.97332,ADDRESS,36061,1492.3
-73.97349,40.75408,337,337,99,TRAVELERS COS.,485 LEXINGTON AVENUE,NOT AVAILABLE,NEW YORK,NY,10017,NEW YORK,30900,27625,40.75408,-73.97349,ADDRESS,36061,3014
-73.97819,40.76064,338,338,193,CBS,51 WEST 52ND STREET,NOT AVAILABLE,NEW YORK,NY,10019,NEW YORK,18410,14386,40.76064,-73.97819,ADDRESS,36061,1261
-73.98228,40.76769,339,339,95,TIME WARNER,1 TIME WARNER CENTER,NOT AVAILABLE,NEW YORK,NY,10019,NEW YORK,25000,29318,40.76769,-73.98228,ADDRESS,36061,3926
-73.9727,40.75936,340,340,300,ALCOA,390 PARK AVENUE,NOT AVAILABLE,NEW YORK,NY,10022,NEW YORK,14000,9318,40.75936,-73.9727,ADDRESS,36061,-400
-73.97153,40.75901,341,341,30,CITIGROUP,399 PARK AVENUE,NOT AVAILABLE,NEW YORK,NY,10022,NEW YORK,219000,82386,40.75901,-73.97153,ADDRESS,36061,14912
-73.97471,40.75705,342,342,182,COLGATE-PALMOLIVE,300 PARK AVENUE,NOT AVAILABLE,NEW YORK,NY,10022,NEW YORK,36700,15195,40.75705,-73.97471,ADDRESS,36061,2441
-73.97128,40.76131,343,343,418,HRG GROUP,450 PARK AVENUE,29TH FLOOR,NEW YORK,NY,10022,NEW YORK,16021,6403,40.76131,-73.97128,ADDRESS,36061,-198.8
-73.975244,40.757353,344,344,179,OMNICOM GROUP,437 MADISON AVENUE,NOT AVAILABLE,NEW YORK,NY,10022,NEW YORK,78500,15417,40.757353,-73.975244,ON-ENTITY,36061,1148.6
-73.97166,40.76404,345,345,371,RALPH LAUREN,650 MADISON AVENUE,NOT AVAILABLE,NEW YORK,NY,10022,NEW YORK,20500,7405,40.76404,-73.97166,ADDRESS,36061,396
-73.98649,40.75569,346,346,428,ALLEGHANY,7 TIMES SQUARE,NOT AVAILABLE,NEW YORK,NY,10036,NEW YORK,3420,6131,40.75569,-73.98649,ADDRESS,36061,456.9
-73.98285,40.75482,347,347,345,INTERPUBLIC GROUP,1114 AVENUE OF THE AMERICAS,NOT AVAILABLE,NEW YORK,NY,10036,NEW YORK,49800,7847,40.75482,-73.98285,ADDRESS,36061,608.5
-73.98177,40.75676,348,348,210,MARSH & MCLENNAN,1166 AVENUE OF THE AMERICAS,NOT AVAILABLE,NEW YORK,NY,10036,NEW YORK,60000,13211,40.75676,-73.98177,ADDRESS,36061,1768
-73.98551,40.75998,349,349,76,MORGAN STANLEY,1585 BROADWAY,NOT AVAILABLE,NEW YORK,NY,10036,NEW YORK,55311,37949,40.75998,-73.98551,ADDRESS,36061,5979
-73.9824,40.75867,350,350,332,NEWS CORP.,1211 AVENUE OF THE AMERICAS,NOT AVAILABLE,NEW YORK,NY,10036,NEW YORK,24000,8319,40.75867,-73.9824,ADDRESS,36061,179
-73.9824,40.75867,351,351,101,TWENTY-FIRST CENTURY FOX,1211 AVENUE OF THE AMERICAS,NOT AVAILABLE,NEW YORK,NY,10036,NEW YORK,21500,27326,40.75867,-73.9824,ADDRESS,36061,2755
-73.98644,40.75793,352,352,224,VIACOM,1515 BROADWAY,NOT AVAILABLE,NEW YORK,NY,10036,NEW YORK,9650,12488,40.75793,-73.98644,ADDRESS,36061,1438
-74.00513,40.70636,353,353,55,AIG,175 WATER STREET,NOT AVAILABLE,NEW YORK,NY,10038,NEW YORK,56400,52367,40.70636,-74.00513,ADDRESS,36061,-849
-74.00797,40.70862,354,354,475,AMTRUST FINANCIAL SERVICES,59 MAIDEN LANE,NOT AVAILABLE,NEW YORK,NY,10038,NEW YORK,8000,5451,40.70862,-74.00797,ADDRESS,36061,411
-73.97356,40.75875,355,355,255,BLACKROCK,55 EAST 52ND STREET,NOT AVAILABLE,NEW YORK,NY,10055,NEW YORK,13000,11155,40.75875,-73.97356,ADDRESS,36061,3172
-73.97049,40.76459,356,356,213,LOEWS,667 MADISON AVENUE,NOT AVAILABLE,NEW YORK,NY,10065,NEW YORK,15800,13105,40.76459,-73.97049,ADDRESS,36061,654
-73.98866,40.75,357,357,348,FOOT LOCKER,112 WEST 34TH STREET,NOT AVAILABLE,NEW YORK,NY,10120,NEW YORK,32965,7766,40.75,-73.98866,ADDRESS,36061,664
-73.972322,40.76391,358,358,253,ESTEE LAUDER,767 5TH AVENUE,NOT AVAILABLE,NEW YORK,NY,10153,NEW YORK,46000,11262,40.76391,-73.972322,ON-ENTITY,36061,1114.6
-73.97311,40.76405,359,359,168,ICAHN ENTERPRISES,767 5TH AVENUE,SUITE 4700,NEW YORK,NY,10153,NEW YORK,90980,16348,40.76405,-73.97311,ADDRESS,36061,-1128
-73.97242,40.75775,360,360,147,BRISTOL-MYERS SQUIBB,345 PARK AVENUE,NOT AVAILABLE,NEW YORK,NY,10154,NEW YORK,25000,19427,40.75775,-73.97242,ADDRESS,36061,4457
-74.01444,40.71473,361,361,78,GOLDMAN SACHS GROUP,200 WEST STREET,NOT AVAILABLE,NEW YORK,NY,10282,NEW YORK,34400,37712,40.71473,-74.01444,ADDRESS,36061,7398
-74.01469,40.71392,362,362,86,AMERICAN EXPRESS,200 VESEY STREET,NOT AVAILABLE,NEW YORK,NY,10285,NEW YORK,56400,33823,40.71392,-74.01469,ADDRESS,36061,5408
-74.015409,40.71281,363,363,177,BANK OF NEW YORK MELLON CORP.,225 LIBERTY STREET,NOT AVAILABLE,NEW YORK,NY,10286,NEW YORK,52000,15683,40.71281,-74.015409,ON-ENTITY,36061,3547
-76.43717,36.98823,364,364,380,HUNTINGTON INGALLS INDUSTRIES,4101 WASHINGTON AVENUE,NOT AVAILABLE,NEWPORT NEWS,VA,23607,NEWPORT NEWS (CITY),37000,7068,36.98823,-76.43717,ADDRESS,51700,573
-76.28802,36.84548,365,365,284,NORFOLK SOUTHERN,3 COMMERCIAL PLACE,NOT AVAILABLE,NORFOLK,VA,23510,NORFOLK (CITY),27856,9888,36.84548,-76.28802,ADDRESS,51710,1668
-83.28132,42.45125,366,366,151,LEAR,21557 TELEGRAPH ROAD,NOT AVAILABLE,SOUTHFIELD,MI,48033,OAKLAND,148400,18558,42.45125,-83.28132,ADDRESS,26125,975.1
-83.16604,42.56084,367,367,490,KELLY SERVICES,999 WEST BIG BEAVER ROAD,NOT AVAILABLE,TROY,MI,48084,OAKLAND,7500,5277,42.56084,-83.16604,ADDRESS,26125,120.8
-83.28796,42.60254,368,368,142,PENSKE AUTOMOTIVE GROUP,2555 TELEGRAPH ROAD,NOT AVAILABLE,BLOOMFIELD HILLS,MI,48302,OAKLAND,24000,20143,42.60254,-83.28796,ADDRESS,26125,342.9
-84.368186,33.847682,369,369,353,PULTEGROUP,3350 PEACHTREE ROAD NORTHEAST,NOT AVAILABLE,ATLANTA,GA,30326,FULTON,4623,7669,33.847682,-84.368186,ON-ENTITY,13125,602.7
-83.27407,42.6942,370,370,283,AUTOLIV,1320 PACIFIC DRIVE,NOT AVAILABLE,AUBURN HILLS,MI,48326,OAKLAND,65900,10074,42.6942,-83.27407,ADDRESS,26125,567.1
-83.21182,42.64544,371,371,305,BORGWARNER,3850 HAMLIN ROAD,NOT AVAILABLE,AUBURN HILLS,MI,48326,OAKLAND,27000,9071,42.64544,-83.21182,ADDRESS,26125,118.5
-97.51843,35.46728,372,372,231,DEVON ENERGY,333 WEST SHERIDAN AVENUE,NOT AVAILABLE,OKLAHOMA CITY,OK,73102,OKLAHOMA,3545,12197,35.46728,-97.51843,ADDRESS,40109,-3302
-97.52924,35.53367,373,373,343,CHESAPEAKE ENERGY,6100 NORTH WESTERN AVENUE,NOT AVAILABLE,OKLAHOMA CITY,OK,73118,OKLAHOMA,3300,7872,35.53367,-97.52924,ADDRESS,40109,-4401
-90.07648,29.94917,374,374,263,ENTERGY,639 LOYOLA AVENUE,NOT AVAILABLE,NEW ORLEANS,LA,70113,OLREANS,13513,10846,29.94917,-90.07648,ADDRESS,22055,-583.6
-117.85977,33.7022,375,375,464,FIRST AMERICAN FINANCIAL,1 1ST AMERICAN WAY,NOT AVAILABLE,SANTA ANA,CA,92707,ORANGE,19531,5576,33.7022,-117.85977,ADDRESS,6059,343
-81.42347,28.41777,376,376,385,DARDEN RESTAURANTS,1000 DARDEN CENTER DRIVE,NOT AVAILABLE,ORLANDO,FL,32837,ORANGE,150942,6934,28.41777,-81.42347,ADDRESS,12095,375
-117.84007,33.6705,377,377,217,WESTERN DIGITAL,3355 MICHAELSON DRIVE,SUITE 100,IRVINE,CA,92612,ORANGE,72878,12994,33.6705,-117.84007,ADDRESS,6059,242
-92.06862,32.58997,378,378,160,CENTURYLINK,100 CENTURYLINK DRIVE,NOT AVAILABLE,MONROE,LA,71203,OUACHITA,40000,17470,32.58997,-92.06862,ADDRESS,22073,626
-80.05985,26.85979,379,379,170,NEXTERA ENERGY,700 UNIVERSE BOULEVARD,NOT AVAILABLE,JUNO BEACH,FL,33408,PALM BEACH,14700,16155,26.85979,-80.05985,ADDRESS,12099,2912
-80.12051,26.40427,380,380,203,OFFICE DEPOT,6600 NORTH MILITARY TRAIL,NOT AVAILABLE,BOCA RATON,FL,33496,PALM BEACH,38000,13585,26.40427,-80.12051,ADDRESS,12099,529
-74.25564,40.98003,381,381,244,"TOYS ""R"" US",1 GEOFFREY WAY,NOT AVAILABLE,WAYNE,NJ,7470,PASSAIC,64000,11540,40.98003,-74.25564,ADDRESS,34031,-36
-89.58841,40.69173,382,382,74,CATERPILLAR,100 NE ADAMS STREET,NOT AVAILABLE,PEORIA,IL,61629,PEORIA,95400,38537,40.69173,-89.58841,ADDRESS,17143,-67
-75.15845,39.95213,383,383,395,A-MARK PRECIOUS METALS,1101 MARKET STREET,NOT AVAILABLE,PHILADELPHIA,PA,19107,PHILADELPHIA,83000,6784,39.95213,-75.15845,ADDRESS,42101,9.3
-75.15845,39.95213,384,384,192,ARAMARK,1101 MARKET STREET,NOT AVAILABLE,PHILADELPHIA,PA,19107,PHILADELPHIA,217250,14416,39.95213,-75.15845,ADDRESS,42101,287.8
-74.99049,40.11188,385,385,333,CROWN HOLDINGS,1 CROWN WAY,NOT AVAILABLE,PHILADELPHIA,PA,19154,PHILADELPHIA,23992,8284,40.11188,-74.99049,ADDRESS,42101,496
-82.66717,27.88649,386,386,469,RAYMOND JAMES FINANCIAL,880 CARILLON PARKWAY,NOT AVAILABLE,SAINT PETERSBURG,FL,33716,PINELLAS,11900,5520,27.88649,-82.66717,ADDRESS,12103,529.4
-82.64715,27.86769,387,387,152,JABIL CIRCUIT,10560 DR. MARTIN LUTHER KING,NOT AVAILABLE,SAINT PETERSBURG,FL,33716,PINELLAS,138000,18353,27.86769,-82.64715,ADDRESS,12103,254.1
-82.70783,27.9175,388,388,107,TECH DATA,5350 TECH DATA DRIVE,BUILDING A,CLEARWATER,FL,33760,PINELLAS,9500,26235,27.9175,-82.70783,ADDRESS,12103,195.1
-82.01313,28.0023,389,389,85,PUBLIX SUPER MARKETS,3300 PUBLIX CORPORATE PARKWAY,NOT AVAILABLE,LAKELAND,FL,33811,POLK,191000,34274,28.0023,-82.01313,ADDRESS,12105,2025.7
-93.57317,41.693711,390,390,423,CASEY'S GENERAL STORES,1 SOUTHEAST CONVENIENCE BOULEVARD,NOT AVAILABLE,ANKENY,IA,50021,POLK,24724,6304,41.693711,-93.57317,ON-ENTITY,19153,226
-93.62759,41.58857,391,391,227,PRINCIPAL FINANCIAL,711 HIGH STREET,NOT AVAILABLE,DES MOINES,IA,50392,POLK,14854,12394,41.58857,-93.62759,ADDRESS,19153,1316.5
-71.47789,41.99339,392,392,7,CVS HEALTH,1 CVS DRIVE,NOT AVAILABLE,WOONSOCKET,RI,2895,PROVIDENCE,204000,177526,41.99339,-71.47789,ADDRESS,44007,5317
-71.41286,41.82884,393,393,451,CITIZENS FINANCIAL GROUP,1 CITIZENS PLAZA,NOT AVAILABLE,PROVIDENCE,RI,2903,PROVIDENCE,17600,5763,41.82884,-71.41286,ADDRESS,44007,1045
-71.40919,41.82491,394,394,200,TEXTRON,40 WESTMINSTER STREET,NOT AVAILABLE,PROVIDENCE,RI,2903,PROVIDENCE,36000,13788,41.82491,-71.40919,ADDRESS,44007,962
-71.43067,41.8293,395,395,325,UNITED NATURAL FOODS,313 IRON HORSE WAY,NOT AVAILABLE,PROVIDENCE,RI,2908,PROVIDENCE,9554,8470,41.8293,-71.43067,ADDRESS,44007,125.8
-92.28755,34.75402,396,396,417,DILLARD'S,1600 CANTRELL ROAD,NOT AVAILABLE,LITTLE ROCK,AR,72201,PULASKI,30800,6418,34.75402,-92.28755,ADDRESS,5119,169.2
-92.39809,34.78773,397,397,485,WINDSTREAM HOLDINGS,4001 RODNEY PARHAM ROAD,SUITE 101,LITTLE ROCK,AR,72212,PULASKI,11870,5387,34.78773,-92.39809,ADDRESS,5119,-383.5
-73.93867,40.75084,398,398,403,JETBLUE AIRWAYS,27-01 QUEENS PLAZA NORTH,NOT AVAILABLE,LONG ISLAND CITY,NY,11101,QUEENS,15986,6632,40.75084,-73.93867,ADDRESS,36081,759
-88.14072,43.03355,399,399,471,FISERV,255 FISERV DRIVE,NOT AVAILABLE,BROOKFIELD,WI,53405,RACINE,23000,5505,43.03355,-88.14072,ADDRESS,55101,930
-93.09467,44.94594,400,400,211,ECOLAB,370 WABAHA STREET NORTH,NOT AVAILABLE,SAINT PAUL,MN,55102,RAMSEY,47565,13153,44.94594,-93.09467,ADDRESS,27123,1229.6
-93.10161,45.01234,401,401,434,ST. JUDE MEDICAL,1 SAINT JUDE MEDICAL DRIVE,NOT AVAILABLE,SAINT PAUL,MN,55117,RAMSEY,18000,6004,45.01234,-93.10161,ADDRESS,27123,734
-93.15133,45.06354,402,402,209,LAND O'LAKES,4001 LEXINGTON AVENUE NORTH,NOT AVAILABLE,ARDEN HILLS,MN,55126,RAMSEY,10000,13233,45.06354,-93.15133,ADDRESS,27123,244.9
-73.97776,40.75306,403,403,42,METLIFE,200 PARK AVENUE,NOT AVAILABLE,NEW YORK,NY,10166,RICHMOND,58000,63476,40.75306,-73.97776,ADDRESS,36085,800
-73.9761,40.75439,404,404,266,VOYA FINANCIAL,230 PARK AVENUE,NOT AVAILABLE,NEW YORK,NY,10169,RICHMOND,6700,10782,40.75439,-73.9761,ADDRESS,36085,-428
-77.45263,37.534,405,405,238,DOMINION RESOURCES,120 TREDEGAR STREET,NOT AVAILABLE,RICHMOND,VA,23219,RICHMOND,16200,11737,37.534,-77.45263,ADDRESS,51159,2123
-79.95839,37.31775,406,406,292,ADVANCE AUTO PARTS,5008 AIRPORT ROAD,NOT AVAILABLE,ROANOKE,VA,24012,ROANOKE,57500,9568,37.31775,-79.95839,ADDRESS,51161,459.6
-90.42457,41.47632,407,407,105,DEERE,1 JOHN DEERE PLACE,NOT AVAILABLE,MOLINE,IL,61265,ROCK ISLAND,56767,26644,41.47632,-90.42457,ADDRESS,17161,1523.9
-90.56653,38.661306,408,408,246,REINSURANCE GROUP OF AMERICA,16600 SWINGLEY RIDGE ROAD,NOT AVAILABLE,CHESTERFIELD,MO,63017,ST LOUIS,2371,11522,38.661306,-90.56653,ON-ENTITY,29189,701.4
-90.33465,38.64954,409,409,66,CENTENE,7700 FORSYTH BOULEVARD,NOT AVAILABLE,SAINT LOUIS,MO,63105,ST LOUIS,30500,40721,38.64954,-90.33465,ADDRESS,29189,562
-90.33901,38.65149,410,410,420,GRAYBAR ELECTRIC,34 NORTH MERAMEC AVENUE,NOT AVAILABLE,SAINT LOUIS,MO,63105,ST LOUIS,8500,6385,38.65149,-90.33901,ADDRESS,29189,93.1
-90.33389,38.64849,411,411,467,OLIN,190 CARONDELET PLAZA,SUITE 1530,CLAYTON,MO,63105,ST LOUIS,6400,5551,38.64849,-90.33389,ADDRESS,29189,-3.9
-90.31114,38.71851,412,412,22,EXPRESS SCRIPTS HOLDING,1 EXPRESS WAY,NOT AVAILABLE,SAINT LOUIS,MO,63121,ST LOUIS,25600,100288,38.71851,-90.31114,ADDRESS,29189,3404.4
-90.44781,38.60453,413,413,404,JONES FINANCIAL,12555 MANCHESTER ROAD,NOT AVAILABLE,DES PERES,MO,63131,ST LOUIS,43000,6632,38.60453,-90.44781,ADDRESS,29189,746
-90.28532,38.73232,414,414,139,EMERSON ELECTRIC,8000 WEST FLORISSANT AVENUE,NOT AVAILABLE,SAINT LOUIS,MO,63136,ST LOUIS,103500,20268,38.73232,-90.28532,ADDRESS,29189,1635
-90.39977,38.66933,415,415,204,MONSANTO,800 NORTH LINDBERGH BOULEVARD,NOT AVAILABLE,SAINT LOUIS,MO,63167,ST LOUIS,22450,13502,38.66933,-90.39977,ADDRESS,29189,1336
-90.21103,38.6207,416,416,431,AMEREN,1901 CHOUTEAU AVENUE,NOT AVAILABLE,SAINT LOUIS,MO,63103,ST LOUIS (CITY),8629,6076,38.6207,-90.21103,ADDRESS,29510,653
-111.81899,40.75842,417,417,289,HUNTSMAN,500 HUNTSMAN WAY,NOT AVAILABLE,SALT LAKE CITY,UT,84108,SALT LAKE,15000,9657,40.75842,-111.81899,ADDRESS,49035,326
-117.16342,32.71931,418,418,280,SEMPRA ENERGY,101 ASH STREET,NOT AVAILABLE,SAN DIEGO,CA,92101,SAN DIEGO,16575,10183,32.71931,-117.16342,ADDRESS,6073,1370
-117.19576,32.89718,419,419,119,QUALCOMM,5775 MOREHOUSE DRIVE,NOT AVAILABLE,SAN DIEGO,CA,92121,SAN DIEGO,30500,23554,32.89718,-117.19576,ADDRESS,6073,5705
-122.40257,37.78877,420,420,5,MCKESSON,1 POST STREET,NOT AVAILABLE,SAN FRANCISCO,CA,94104,SAN FRANCISCO,68000,192487,37.78877,-122.40257,ADDRESS,6075,2258
-122.3927,37.79059,421,421,357,CHARLES SCHWAB,211 MAIN STREET,NOT AVAILABLE,SAN FRANCISCO,CA,94105,SAN FRANCISCO,16200,7644,37.79059,-122.3927,ADDRESS,6075,1889
-122.39103,37.79086,422,422,178,GAP,2 FOLSOM STREET,NOT AVAILABLE,SAN FRANCISCO,CA,94105,SAN FRANCISCO,135000,15516,37.79086,-122.39103,ADDRESS,6075,676
-122.39592,37.79146,423,423,157,PG&E CORP.,77 BEALE STREET,NOT AVAILABLE,SAN FRANCISCO,CA,94105,SAN FRANCISCO,24000,17666,37.79146,-122.39592,ADDRESS,6075,1393
-122.39486,37.79387,424,424,326,SALESFORCE.COM,1 MARKET STREET,SUITE 300,SAN FRANCISCO,CA,94105,SAN FRANCISCO,25000,8392,37.79387,-122.39486,ADDRESS,6075,179.6
-122.4024,37.7934,425,425,25,WELLS FARGO,420 MONTGOMERY STREET,NOT AVAILABLE,SAN FRANCISCO,CA,94163,SAN FRANCISCO,269100,94176,37.7934,-122.4024,ADDRESS,6075,21938
-122.1504,37.48229,426,426,98,FACEBOOK,1601 WILLOW ROAD,NOT AVAILABLE,MENLO PARK,CA,94025,SAN MATEO,17048,27638,37.48229,-122.1504,ADDRESS,6081,10217
-122.21504,37.42176,427,427,493,ROBERT HALF INTERNATIONAL,2884 SAND HILL ROAD,NOT AVAILABLE,MENLO PARK,CA,94025,SAN MATEO,16400,5250,37.42176,-122.21504,ADDRESS,6081,343.4
-122.26245,37.53073,428,428,81,ORACLE,500 ORACLE PARKWAY,NOT AVAILABLE,REDWOOD CITY,CA,94065,SAN MATEO,136000,37047,37.53073,-122.26245,ADDRESS,6081,8901
-122.383003,37.667391,429,429,247,CORE-MARK HOLDING,395 OYSTER POINT BOULEVARD,SUITE 415,SOUTH SAN FRANCISCO,CA,94080,SAN MATEO,7688,11507,37.667391,-122.383003,ON-ENTITY,6081,54.2
-122.29206,37.54322,430,430,405,FRANKLIN RESOURCES,1 FRANKLIN PARKWAY,NOT AVAILABLE,SAN MATEO,CA,94403,SAN MATEO,9059,6618,37.54322,-122.29206,ADDRESS,6081,1726.7
-122.28188,37.56714,431,431,92,GILEAD SCIENCES,333 LAKESIDE DRIVE,NOT AVAILABLE,FOSTER CITY,CA,94404,SAN MATEO,9000,30390,37.56714,-122.28188,ADDRESS,6081,13501
-122.27658,37.5592,432,432,187,VISA,900 METRO CENTER BOULEVARD,NOT AVAILABLE,FOSTER CITY,CA,94404,SAN MATEO,14200,15082,37.5592,-122.27658,ADDRESS,6081,5991
-121.92257,37.37627,433,433,264,PAYPAL HOLDINGS,2211 NORTH 1ST STREET,NOT AVAILABLE,SAN JOSE,CA,95131,SANTA CLARA,18100,10842,37.37627,-121.92257,ADDRESS,6085,1401
-122.08432,37.42202,434,434,27,ALPHABET,1600 AMPHITHEATRE PARKWAY,NOT AVAILABLE,MOUNTAIN VIEW,CA,94043,SANTA CLARA,72053,90272,37.42202,-122.08432,ADDRESS,6085,19478
-122.05465,37.39779,435,435,465,SYMANTEC,350 ELLIS STREET,NOT AVAILABLE,MOUNTAIN VIEW,CA,94043,SANTA CLARA,11000,5568,37.39779,-122.05465,ADDRESS,6085,2488
-122.01133,37.41266,436,436,468,NETAPP,495 EAST JAVA DRIVE,NOT AVAILABLE,SUNNYVALE,CA,94089,SANTA CLARA,12030,5546,37.41266,-122.01133,ADDRESS,6085,229
-122.0253,37.4179,437,437,498,YAHOO,701 1ST AVENUE,NOT AVAILABLE,SUNNYVALE,CA,94089,SANTA CLARA,8500,5169,37.4179,-122.0253,ADDRESS,6085,-214.3
-122.14572,37.41467,438,438,59,HEWLETT PACKARD ENTERPRISE,3000 HANOVER STREET,NOT AVAILABLE,PALO ALTO,CA,94304,SANTA CLARA,195000,50123,37.41467,-122.14572,ADDRESS,6085,3161
-122.14572,37.41467,439,439,61,HP,3000 HANOVER STREET,NOT AVAILABLE,PALO ALTO,CA,94304,SANTA CLARA,49000,48238,37.41467,-122.14572,ADDRESS,6085,2496
-122.15025,37.39455,440,440,383,TESLA,3500 DEER CREEK ROAD,NOT AVAILABLE,PALO ALTO,CA,94304,SANTA CLARA,30025,7000,37.39455,-122.15025,ADDRESS,6085,-674.9
-122.03042,37.33177,441,441,3,APPLE,1 INFINITE LOOP,NOT AVAILABLE,CUPERTINO,CA,95014,SANTA CLARA,116000,215639,37.33177,-122.03042,ADDRESS,6085,45687
-121.96263,37.25958,442,442,314,NETFLIX,100 WINCHESTER CIRCLE,NOT AVAILABLE,LOS GATOS,CA,95032,SANTA CLARA,3850,8831,37.25958,-121.96263,ADDRESS,6085,186.7
-121.92934,37.39015,443,443,414,SANMINA,2700 NORTH 1ST STREET,NOT AVAILABLE,MILPITAS,CA,95035,SANTA CLARA,40178,6481,37.39015,-121.92934,ADDRESS,6085,187.8
-121.96588,37.37173,444,444,387,NVIDIA,2788 SAN TOMAS EXPRESSWAY,NOT AVAILABLE,SANTA CLARA,CA,95051,SANTA CLARA,10299,6910,37.37173,-121.96588,ADDRESS,6085,1666
-121.9786,37.37749,445,445,265,APPLIED MATERIALS,3050 BOWERS AVENUE,NOT AVAILABLE,SANTA CLARA,CA,95054,SANTA CLARA,16150,10825,37.37749,-121.9786,ADDRESS,6085,1721
-121.96375,37.38851,446,446,47,INTEL,2200 MISSION COLLEGE BOULEVARD,NOT AVAILABLE,SANTA CLARA,CA,95054,SANTA CLARA,106000,59387,37.38851,-121.96375,ADDRESS,6085,10316
-121.92611,37.295143,447,447,310,EBAY,2025 HAMILTON AVENUE,NOT AVAILABLE,SAN JOSE,CA,95125,SANTA CLARA,12600,8979,37.295143,-121.92611,ON-ENTITY,6085,7266
-121.9537,37.40866,448,448,60,CISCO SYSTEMS,170 WEST TASMAN DRIVE,NOT AVAILABLE,SAN JOSE,CA,95134,SANTA CLARA,73700,49247,37.40866,-121.9537,ADDRESS,6085,10739
-97.28386,37.62239,449,449,393,SPIRIT AEROSYSTEMS HOLDINGS,3801 SOUTH OLIVER STREET,NOT AVAILABLE,WICHITA,KS,67210,SEDGWICK,14400,6793,37.62239,-97.28386,ADDRESS,20173,469.7
-90.05605,35.14201,450,450,270,AUTOZONE,123 SOUTH FRONT STREET,NOT AVAILABLE,MEMPHIS,TN,38103,SHELBY,66780,10636,35.14201,-90.05605,ADDRESS,47157,1241
-89.85831,35.10565,451,451,58,FEDEX,942 SOUTH SHADY GROVE ROAD,NOT AVAILABLE,MEMPHIS,TN,38120,SHELBY,335767,50365,35.10565,-89.85831,ADDRESS,47157,1820
-89.84948,35.10015,452,452,133,INTERNATIONAL PAPER,6400 POPLAR AVENUE,NOT AVAILABLE,MEMPHIS,TN,38197,SHELBY,55000,21079,35.10015,-89.84948,ADDRESS,47157,904
-77.05759,42.14462,453,453,298,CORNING,1 RIVERFRONT PLAZA,NOT AVAILABLE,CORNING,NY,14831,STEUBEN,40700,9390,42.14462,-77.05759,ADDRESS,36101,3695
-71.05899,42.35306,454,454,271,STATE STREET CORP.,1 LINCOLN STREET,NOT AVAILABLE,BOSTON,MA,2111,SUFFOLK,33783,10635,42.35306,-71.05899,ADDRESS,25023,2143
-71.07977,42.34652,455,455,449,AMERICAN TOWER,116 HUNTINGTON AVENUE,FLOOR 11,BOSTON,MA,2116,SUFFOLK,4507,5786,42.34652,-71.07977,ADDRESS,25023,956.4
-71.07208,42.35006,456,456,75,LIBERTY MUTUAL INSURANCE GROUP,175 BERKELEY STREET,NOT AVAILABLE,BOSTON,MA,2116,SUFFOLK,50000,38308,42.35006,-71.07208,ADDRESS,25023,1006
-82.54941,36.53579,457,457,309,EASTMAN CHEMICAL,200 SOUTH WILCOX DRIVE,NOT AVAILABLE,KINGSPORT,TN,37660,SULLIVAN,14000,9008,36.53579,-82.54941,ADDRESS,47163,854
-81.518515,41.083253,458,458,196,FIRSTENERGY,76 SOUTH MAIN STREET,NOT AVAILABLE,AKRON,OH,44308,SUMMIT,15707,14156,41.083253,-81.518515,ON-ENTITY,39153,-6177
-81.47725,41.05943,459,459,184,GOODYEAR TIRE & RUBBER,200 INNOVATION WAY,NOT AVAILABLE,AKRON,OH,44316,SUMMIT,66000,15158,41.05943,-81.47725,ADDRESS,39153,1264
-97.08751,32.90274,460,460,321,GAMESTOP,625 WESTPORT PARKWAY,NOT AVAILABLE,GRAPEVINE,TX,76051,TARRANT,41750,8608,32.90274,-97.08751,ADDRESS,48439,353.2
-97.33065,32.75605,461,461,232,D.R. HORTON,301 COMMERCE STREET,NOT AVAILABLE,FORT WORTH,TX,76102,TARRANT,6976,12157,32.75605,-97.33065,ADDRESS,48439,886.3
-97.05058,32.82564,462,462,67,AMERICAN AIRLINES GROUP,4333 AMON CARTER BOULEVARD,NOT AVAILABLE,FORT WORTH,TX,76155,TARRANT,122300,40180,32.82564,-97.05058,ADDRESS,48439,2676
-97.64599,30.43797,463,463,228,ARCONIC,1007 SOUTH HEATHERWILDE BOULEVARD,SUITE 700,AUSTIN,TX,78660,TRAVIS,41500,12394,30.43797,-97.64599,ADDRESS,48453,-941
-97.75277,30.27086,464,464,176,WHOLE FOODS MARKET,550 BOWIE STREET,NOT AVAILABLE,AUSTIN,TX,78703,TRAVIS,73515,15724,30.27086,-97.75277,ADDRESS,48453,507
-95.99153,36.15043,465,465,312,ONEOK,100 WEST 5TH STREET,NOT AVAILABLE,TULSA,OK,74103,TULSA,2384,8921,36.15043,-95.99153,ADDRESS,40143,352
-95.92557,36.07226,466,466,237,NGL ENERGY PARTNERS,6120 SOUTH YALE AVENUE,NOT AVAILABLE,TULSA,OK,74136,TULSA,3200,11742,36.07226,-95.92557,ADDRESS,40143,-198.9
-95.99151,36.15435,467,467,367,WILLIAMS,1 WILLIAMS CENTER,NOT AVAILABLE,TULSA,OK,74172,TULSA,5604,7499,36.15435,-95.99151,ADDRESS,40143,-424
-74.30522,40.69729,468,468,233,BED BATH & BEYOND,650 LIBERTY AVENUE,NOT AVAILABLE,UNION,NJ,7083,UNION,62000,12104,40.69729,-74.30522,ADDRESS,34039,841.5
-74.34783,40.70987,469,469,254,CELGENE,86 MORRIS AVENUE,NOT AVAILABLE,SUMMIT,NJ,7901,UNION,7132,11229,40.70987,-74.34783,ADDRESS,34039,1999.2
-92.66231,33.21469,470,470,291,MURPHY USA,200 PEACH STREET,NOT AVAILABLE,EL DORADO,AR,71730,UNION,6600,9633,33.21469,-92.66231,ADDRESS,5139,221.5
-87.546,37.98045,471,471,413,BERRY GLOBAL GROUP,301 NORTH KENTUCKY AVENUE,NOT AVAILABLE,EVANSVILLE,IN,47711,VANDERBURGH,21000,6489,37.98045,-87.546,ADDRESS,18163,236
-118.91968,34.19201,472,472,123,AMGEN,1 AMGEN CENTER DRIVE,NOT AVAILABLE,THOUSAND OAKS,CA,91320,VENTURA,19200,22991,34.19201,-118.91968,ADDRESS,6111,7722
-94.15459,36.15401,473,473,82,TYSON FOODS,2200 WEST DON TYSON PARKWAY,NOT AVAILABLE,SPRINGDALE,AR,72762,WASHINGTON,114000,36881,36.15401,-94.15459,ADDRESS,5143,1768
-122.82844,45.50715,474,474,88,NIKE,1 BOWERMAN DRIVE,NOT AVAILABLE,BEAVERTON,OR,97005,WASHINGTON,70700,32376,45.50715,-122.82844,ADDRESS,41067,3760
-81.76289,40.85039,475,475,346,J.M. SMUCKER,1 STRAWBERRY LANE,NOT AVAILABLE,ORRVILLE,OH,44667,WAYNE,6910,7811,40.85039,-81.76289,ADDRESS,39169,688.7
-83.2094,42.31475,476,476,10,FORD MOTOR,1 AMERICAN ROAD,NOT AVAILABLE,DEARBORN,MI,48126,WAYNE,201000,151800,42.31475,-83.2094,ADDRESS,26163,4596
-83.24257,42.26778,477,477,372,MASCO,21001 VAN BORN ROAD,NOT AVAILABLE,TAYLOR,MI,48180,WAYNE,26000,7357,42.26778,-83.24257,ADDRESS,26163,491
-83.05739,42.33338,478,478,272,DTE ENERGY,1 ENERGY PLAZA,NOT AVAILABLE,DETROIT,MI,48226,WAYNE,10000,10630,42.33338,-83.05739,ADDRESS,26163,868
-83.044951,42.330347,479,479,286,ALLY FINANCIAL,500 WOODWARD AVENUE,NOT AVAILABLE,DETROIT,MI,48226,WAYNE,7600,9835,42.330347,-83.044951,ON-ENTITY,26163,1067
-83.04079,42.32942,480,480,8,GENERAL MOTORS,300 RENAISSANCE CENTER,NOT AVAILABLE,DETROIT,MI,48265,WAYNE,225000,166380,42.32942,-83.04079,ADDRESS,26163,9427
-73.72124,41.10754,481,481,32,IBM,1 NEW ORCHARD ROAD,NOT AVAILABLE,ARMONK,NY,10504,WESTCHESTER,414400,79919,41.10754,-73.72124,ADDRESS,36119,11872
-73.71059,41.02329,482,482,267,MASTERCARD,2000 PURCHASE STREET,NOT AVAILABLE,PURCHASE,NY,10577,WESTCHESTER,11900,10776,41.02329,-73.71059,ADDRESS,36119,4059
-73.69335,41.03475,483,483,44,PEPSICO,700 ANDERSON HILL ROAD,NOT AVAILABLE,PURCHASE,NY,10577,WESTCHESTER,264000,62799,41.03475,-73.69335,ADDRESS,36119,6329
-86.8094,35.97105,484,484,480,DELEK US HOLDINGS,7102 COMMERCE WAY,NOT AVAILABLE,BRENTWOOD,TN,37027,WILLIAMSON,1326,5414,35.97105,-86.8094,ADDRESS,47187,-153.7
-86.76894,36.04162,485,485,374,LIFEPOINT HEALTH,330 SEVEN SPRINGS WAY,NOT AVAILABLE,BRENTWOOD,TN,37027,WILLIAMSON,47000,7274,36.04162,-86.76894,ADDRESS,47187,121.9
-86.813115,36.032478,486,486,396,TRACTOR SUPPLY,5401 VIRGINIA WAY,NOT AVAILABLE,BRENTWOOD,TN,37027,WILLIAMSON,19500,6780,36.032478,-86.813115,ON-ENTITY,47187,437.1
-86.81122,35.95185,487,487,130,COMMUNITY HEALTH SYSTEMS,4000 MERIDIAN BOULEVARD,NOT AVAILABLE,FRANKLIN,TN,37067,WILLIAMSON,108000,21374,35.95185,-86.81122,ADDRESS,47187,-1721
-97.67513,30.48641,488,488,41,DELL TECHNOLOGIES,1 DELL WAY,NOT AVAILABLE,ROUND ROCK,TX,78682,WILLIAMSON,138000,64806,30.48641,-97.67513,ADDRESS,48491,-1672
-88.54267,43.99301,489,489,425,OSHKOSH,2307 OREGON STREET,NOT AVAILABLE,OSHKOSH,WI,54902,WINNEBAGO,13800,6279,43.99301,-88.54267,ADDRESS,55139,216.4
-83.64698,41.52773,490,490,401,OWENS-ILLINOIS,1 MICHAEL OWENS WAY,NOT AVAILABLE,PERRYSBURG,OH,43551,WOOD,27000,6702,41.52773,-83.64698,ADDRESS,39173,209
-85.68454,42.82551,491,491,350,SPARTANNASH,850 76TH STREET SW,NOT AVAILABLE,BYRON CENTER,MI,49315,KENT,11500,7735,42.82551,-85.68454,ON-ENTITY,26081,56.8
-88.12328,43.12196,492,492,150,KOHL'S,N56W17000 RIDGEWOOD DRIVE,NOT AVAILABLE,MENOMONEE FALLS,WI,53051,WAUKESHA,85000,18686,43.12196,-88.12328,ON-ENTITY,55133,556
-74.44296,40.49804,493,493,35,JOHNSON & JOHNSON,1 JOHNSON AND JOHNSON PLAZA,NOT AVAILABLE,NEW BRUNSWICK,NJ,8933,MIDDLESEX,126400,71890,40.49804,-74.44296,ON-ENTITY,34023,16540
-95.96546,41.25718,494,494,324,PETER KIEWIT SONS',3555 FARNAM STREET,KIEWIT PLAZA,OMAHA,NE,68131,DOUGLAS,20000,8573,41.25718,-95.96546,ON-ENTITY,55,396
-95.96229,41.25847,495,495,342,MUTUAL OF OMAHA INSURANCE,3300 MUTUAL OF OMAHA PLAZA,NOT AVAILABLE,OMAHA,NE,68175,DOUGLAS,5732,7899,41.25847,-95.96229,ON-ENTITY,55,356.6
-87.89156,42.30212,496,496,111,ABBVIE,1 NORTH WAUKEGAN,NOT AVAILABLE,NORTH CHICAGO,IL,60064,LAKE,30000,25638,42.30212,-87.89156,ON-ENTITY,17097,5953
-75.16848,39.95468,497,497,31,COMCAST,1701 JOHN F KENNEDY BOULEVARD,COMCAST CENTER,PHILADELPHIA,PA,19103,PHILADELPHIA,159000,80403,39.95468,-75.16848,ON-ENTITY,42101,8695
-84.50542,39.10311,498,498,36,PROCTER & GAMBLE,1 PROCTER AND GAMBLE PLAZA,NOT AVAILABLE,CINCINNATI,OH,45202,HAMILTON,105000,71726,39.10311,-84.50542,ON-ENTITY,39061,10508
-93.26949,44.97526,499,499,239,AMERIPRISE FINANCIAL,55 AMERIPRISE FINANCIAL CENTER,AMERIPRISE FINANCIAL CENTER,MINNEAPOLIS,MN,55474,HENNEPIN,13195,11735,44.97526,-93.26949,ON-ENTITY,27053,1314
-92.99524,44.95067,500,500,94,3M,2501 HUDSON ROAD,NOT AVAILABLE,MAPLEWOOD,MN,55144,RAMSEY,91584,30109,44.95067,-92.99524,ON-ENTITY,27123,5050